/*
SQLyog Professional v12.09 (64 bit)
MySQL - 10.1.32-MariaDB : Database - toppcvn_leotea_checkin
*********************************************************************
*/

/*!40101 SET NAMES utf8 */;

/*!40101 SET SQL_MODE=''*/;

/*!40014 SET @OLD_UNIQUE_CHECKS=@@UNIQUE_CHECKS, UNIQUE_CHECKS=0 */;
/*!40014 SET @OLD_FOREIGN_KEY_CHECKS=@@FOREIGN_KEY_CHECKS, FOREIGN_KEY_CHECKS=0 */;
/*!40101 SET @OLD_SQL_MODE=@@SQL_MODE, SQL_MODE='NO_AUTO_VALUE_ON_ZERO' */;
/*!40111 SET @OLD_SQL_NOTES=@@SQL_NOTES, SQL_NOTES=0 */;
CREATE DATABASE /*!32312 IF NOT EXISTS*/`toppcvn_leotea_checkin` /*!40100 DEFAULT CHARACTER SET utf8mb4 COLLATE utf8mb4_unicode_ci */;

USE `toppcvn_leotea_checkin`;

/*Table structure for table `admin_nqt_groups` */

DROP TABLE IF EXISTS `admin_nqt_groups`;

CREATE TABLE `admin_nqt_groups` (
  `id` int(11) NOT NULL AUTO_INCREMENT,
  `name` varchar(255) NOT NULL,
  `permission` varchar(255) NOT NULL,
  `status` tinyint(1) NOT NULL,
  `created` datetime NOT NULL,
  PRIMARY KEY (`id`)
) ENGINE=MyISAM AUTO_INCREMENT=3 DEFAULT CHARSET=utf8;

/*Data for the table `admin_nqt_groups` */

insert  into `admin_nqt_groups`(`id`,`name`,`permission`,`status`,`created`) values (1,'Root','0|rwd,2|rwd,1|rwd,4|rwd,3|rwd,185|rwd,12|rwd,8|rwd,7|rwd,84|rwd,83|rwd,105|rwd,118|rwd,150|rwd,155|rwd,177|rwd,176|rwd,184|rwd,188|rwd,193|rwd,199|rwd,204|rwd,211|rwd,215|rwd,121|rwd,121|rwd,218|rwd,237|rwd,235|rwd,245|rwd,256|rwd,263|rwd',1,'2012-08-28 14:51:26');

/*Table structure for table `admin_nqt_logs` */

DROP TABLE IF EXISTS `admin_nqt_logs`;

CREATE TABLE `admin_nqt_logs` (
  `id` int(11) NOT NULL AUTO_INCREMENT,
  `function` varchar(50) NOT NULL,
  `function_id` int(11) NOT NULL,
  `field` varchar(50) NOT NULL,
  `type` varchar(20) NOT NULL,
  `old_value` text,
  `new_value` text NOT NULL,
  `account` varchar(50) NOT NULL,
  `ip` varchar(50) NOT NULL,
  `created` datetime NOT NULL,
  PRIMARY KEY (`id`)
) ENGINE=MyISAM AUTO_INCREMENT=1708 DEFAULT CHARSET=utf8;

/*Data for the table `admin_nqt_logs` */

insert  into `admin_nqt_logs`(`id`,`function`,`function_id`,`field`,`type`,`old_value`,`new_value`,`account`,`ip`,`created`) values (1,'banners',1,'Add new','Add new','','','admin','::1','2015-12-02 13:31:08'),(2,'banners',1,'title','Update','aaa','aaabbb','admin','::1','2015-12-02 13:33:42'),(3,'banners',1,'Delete','Delete','','','admin','::1','2015-12-02 13:34:14'),(4,'banners',1,'Delete','Delete','','','admin','::1','2015-12-02 13:34:35'),(5,'banners',1,'Delete','Delete','','','admin','::1','2015-12-02 13:35:38'),(6,'banners',1,'Delete','Delete','','','admin','::1','2015-12-02 13:35:57'),(7,'categories',1,'Add new','Add new','','','admin','::1','2015-12-02 13:51:04'),(8,'categories',1,'status','update','1','0','admin','::1','2015-12-02 13:51:09'),(9,'categories',1,'status','update','0','1','admin','::1','2015-12-02 13:51:09'),(10,'categories',1,'Delete','Delete','','','admin','::1','2015-12-02 13:51:13'),(11,'banners',2,'Add new','Add new','','','admin','::1','2015-12-02 13:52:51'),(12,'banners',2,'Delete','Delete','','','admin','::1','2015-12-02 13:52:57'),(13,'banners',3,'Add new','Add new','','','admin','::1','2015-12-02 13:53:47'),(14,'banners',3,'Delete','Delete','','','admin','::1','2015-12-02 14:04:25'),(15,'banners',3,'Delete','Delete','','','admin','::1','2015-12-02 14:04:56'),(16,'banners',3,'Delete','Delete','','','admin','::1','2015-12-02 14:05:09'),(17,'banners',4,'Add new','Add new','','','admin','::1','2015-12-02 14:06:04'),(18,'banners',4,'Delete','Delete','','','admin','::1','2015-12-02 14:06:13'),(19,'banners',4,'Delete','Delete','','','admin','::1','2015-12-02 14:06:30'),(20,'banners',2,'Delete','Delete','','','admin','::1','2015-12-02 14:08:33'),(21,'categories',1,'Delete','Delete','','','admin','::1','2015-12-02 14:08:52'),(22,'admincp_accounts',2,'status','update','1','0','admin','::1','2015-12-02 14:09:19'),(23,'menus',1,'Add new','Add new','','','admin','::1','2015-12-02 14:15:38'),(24,'menus',1,'Delete','Delete','','','admin','::1','2015-12-02 14:15:44'),(25,'menus',1,'Delete','Delete','','','admin','::1','2015-12-02 14:16:13'),(26,'menus',1,'Delete','Delete','','','admin','::1','2015-12-02 14:16:55'),(27,'categories',2,'Add new','Add new','','','admin','::1','2015-12-02 14:25:09'),(28,'news',1,'Add new','Add new','','','admin','::1','2015-12-02 14:25:30'),(29,'news',1,'Delete','Delete','','','admin','::1','2015-12-02 14:25:37'),(30,'categories',2,'Delete','Delete','','','admin','::1','2015-12-02 14:26:45'),(31,'news',1,'Delete','Delete','','','admin','::1','2015-12-02 14:27:06'),(32,'menus',2,'Add new','Add new','','','admin','::1','2015-12-02 14:27:21'),(33,'menus',2,'Delete','Delete','','','admin','::1','2015-12-02 14:27:26'),(34,'banners',5,'Add new','Add new','','','admin','::1','2015-12-02 14:27:50'),(35,'banners',5,'Delete','Delete','','','admin','::1','2015-12-02 14:27:55'),(36,'banners',6,'Add new','Add new','','','admin','::1','2015-12-02 14:29:59'),(37,'banners',6,'Delete','Delete','','','admin','::1','2015-12-02 14:30:07'),(38,'banners',6,'Delete','Delete','','','admin','::1','2015-12-02 14:30:16'),(39,'banners',7,'Add new','Add new','','','admin','::1','2015-12-02 14:30:31'),(40,'banners',5,'Delete','Delete','','','admin','::1','2015-12-02 14:30:37'),(41,'banners',2,'Delete','Delete','','','admin','::1','2015-12-02 14:30:56'),(42,'banners',8,'Add new','Add new','','','admin','::1','2015-12-02 14:31:09'),(43,'banners',8,'Delete','Delete','','','admin','::1','2015-12-02 14:31:16'),(44,'banners',9,'Add new','Add new','','','admin','::1','2015-12-02 14:31:46'),(45,'banners',9,'Delete','Delete','','','admin','::1','2015-12-02 14:31:51'),(46,'banners',8,'Delete','Delete','','','admin','::1','2015-12-02 14:33:17'),(47,'banners',10,'Add new','Add new','','','admin','::1','2015-12-02 14:34:35'),(48,'banners',10,'Delete','Delete','','','admin','::1','2015-12-02 14:34:43'),(49,'banners',10,'Delete','Delete','','','admin','::1','2015-12-02 14:35:04'),(50,'banners',7,'Delete','Delete','','','admin','::1','2015-12-02 14:35:13'),(51,'banners',11,'Add new','Add new','','','admin','::1','2015-12-02 14:35:39'),(52,'banners',11,'Delete','Delete','','','admin','::1','2015-12-02 14:35:46'),(53,'banners',12,'Add new','Add new','','','admin','::1','2015-12-02 14:36:02'),(54,'banners',12,'Delete','Delete','','','admin','::1','2015-12-02 14:36:07'),(55,'banners',12,'Delete','Delete','','','admin','::1','2015-12-02 14:36:59'),(56,'banners',13,'Add new','Add new','','','admin','::1','2015-12-02 14:37:22'),(57,'banners',13,'Delete','Delete','','','admin','::1','2015-12-02 14:37:28'),(58,'banners',13,'Delete','Delete','','','admin','::1','2015-12-02 14:37:36'),(59,'banners',11,'Delete','Delete','','','admin','::1','2015-12-02 14:37:43'),(60,'categories',3,'Add new','Add new','','','admin','::1','2015-12-02 14:38:02'),(61,'categories',3,'Delete','Delete','','','admin','::1','2015-12-02 14:38:12'),(62,'categories',4,'Add new','Add new','','','admin','::1','2015-12-02 14:38:25'),(63,'categories',3,'Delete','Delete','','','admin','::1','2015-12-02 14:38:31'),(64,'categories',5,'Add new','Add new','','','admin','::1','2015-12-02 14:39:04'),(65,'categories',5,'Delete','Delete','','','admin','::1','2015-12-02 14:39:10'),(66,'categories',5,'Delete','Delete','','','admin','::1','2015-12-02 14:39:15'),(67,'categories',6,'Add new','Add new','','','admin','::1','2015-12-02 14:43:15'),(68,'categories',6,'Delete','Delete','','','admin','::1','2015-12-02 14:43:43'),(69,'categories',6,'Delete','Delete','','','admin','::1','2015-12-02 14:43:49'),(70,'news',2,'Add new','Add new','','','admin','::1','2015-12-02 14:48:28'),(71,'categories',2,'Delete','Delete','','','admin','::1','2015-12-02 14:49:53'),(72,'admincp_accounts',4,'Add new','Add new','','','admin','::1','2015-12-02 14:52:42'),(73,'admincp_accounts',4,'status','update','1','0','admin','::1','2015-12-02 14:52:51'),(74,'admincp_accounts',4,'status','update','0','1','admin','::1','2015-12-02 14:52:52'),(75,'admincp_accounts',4,'status','update','1','0','admin','::1','2015-12-02 14:52:52'),(76,'admincp_accounts',4,'status','update','0','1','admin','::1','2015-12-02 14:52:52'),(77,'admincp_accounts',4,'status','update','1','0','admin','::1','2015-12-02 14:57:25'),(78,'admincp_accounts',4,'status','update','0','1','admin','::1','2015-12-02 14:57:26'),(79,'admincp_accounts',4,'status','update','1','0','admin','::1','2015-12-02 14:57:26'),(80,'admincp_accounts',4,'status','update','0','1','admin','::1','2015-12-02 14:57:27'),(81,'admincp_accounts',4,'status','update','1','0','admin','::1','2015-12-02 14:57:28'),(82,'admincp_accounts',4,'status','update','0','1','admin','::1','2015-12-02 14:57:28'),(83,'admincp_accounts',4,'Delete','Delete','','','admin','::1','2015-12-02 14:57:36'),(84,'admincp_accounts',4,'Delete','Delete','','','admin','::1','2015-12-02 14:59:09'),(85,'banners',9,'Delete','Delete','','','admin','::1','2015-12-02 15:00:43'),(86,'admincp_accounts',4,'Delete','Delete','','','admin','::1','2015-12-02 15:01:18'),(87,'admincp_accounts',4,'Delete','Delete','','','admin','::1','2015-12-02 15:09:16'),(88,'admincp_accounts',4,'Delete','Delete','','','admin','::1','2015-12-02 15:10:23'),(89,'admincp_accounts',4,'Delete','Delete','','','admin','::1','2015-12-02 15:14:44'),(90,'admincp_accounts',4,'Delete','Delete','','','admin','::1','2015-12-02 15:15:17'),(91,'admincp_accounts',2,'Delete','Delete','','','admin','::1','2015-12-02 15:19:18'),(92,'admincp_accounts',4,'Delete','Delete','','','admin','::1','2015-12-02 15:20:27'),(93,'categories',4,'Delete','Delete','','','admin','::1','2015-12-02 15:24:34'),(94,'categories',4,'Delete','Delete','','','admin','::1','2015-12-02 15:24:44'),(95,'banners',14,'Add new','Add new','','','admin','::1','2015-12-02 15:25:03'),(96,'banners',7,'Delete','Delete','','','admin','::1','2015-12-02 15:25:10'),(97,'admincp_accounts',4,'Delete','Delete','','','admin','::1','2015-12-02 15:28:23'),(98,'admincp_accounts',4,'Delete','Delete','','','admin','::1','2015-12-02 15:34:17'),(99,'admincp_accounts',4,'Delete','Delete','','','admin','::1','2015-12-02 15:35:23'),(100,'admincp_accounts',4,'Delete','Delete','','','admin','::1','2015-12-02 15:38:24'),(101,'admincp_accounts',4,'Delete','Delete','','','admin','::1','2015-12-02 15:43:00'),(102,'admincp_accounts',4,'status','update','1','0','admin','::1','2015-12-02 15:44:02'),(103,'admincp_accounts',4,'status','update','0','1','admin','::1','2015-12-02 15:44:04'),(104,'admincp_accounts',4,'status','update','1','0','admin','::1','2015-12-02 15:44:04'),(105,'admincp_accounts',4,'status','update','0','1','admin','::1','2015-12-02 15:44:05'),(106,'admincp_accounts',4,'Delete','Delete','','','admin','::1','2015-12-02 15:48:43'),(107,'banners',14,'status','update','1','0','admin','::1','2015-12-30 09:51:18'),(108,'banners',14,'status','update','0','1','admin','::1','2015-12-30 09:51:18'),(109,'banners',14,'status','update','1','0','admin','::1','2015-12-30 09:51:19'),(110,'banners',14,'status','update','0','1','admin','::1','2015-12-30 09:51:19'),(111,'banners',14,'status','update','1','0','admin','::1','2015-12-30 09:51:22'),(112,'banners',14,'status','update','0','1','admin','::1','2015-12-30 09:51:23'),(113,'banners',14,'status','update','1','0','admin','::1','2015-12-30 09:51:23'),(114,'banners',14,'status','update','0','1','admin','::1','2015-12-30 09:51:24'),(115,'banners',14,'status','update','1','0','admin','::1','2015-12-30 09:51:24'),(116,'banners',14,'status','update','0','1','admin','::1','2015-12-30 09:51:24'),(117,'banners',14,'status','update','1','0','admin','::1','2015-12-30 09:51:25'),(118,'banners',14,'status','update','0','1','admin','::1','2015-12-30 09:51:26'),(119,'banners',14,'status','update','1','0','admin','::1','2015-12-30 09:51:26'),(120,'banners',14,'Delete','Delete','','','admin','::1','2015-12-30 09:51:32'),(121,'banners',15,'Add new','Add new','','','admin','::1','2016-01-26 09:21:08'),(122,'banners',15,'Delete','Delete','','','admin','::1','2016-01-27 09:45:09'),(123,'banners',15,'Delete','Delete','','','admin','::1','2016-01-27 09:45:14'),(124,'menus',2,'Delete','Delete','','','admin','::1','2016-02-18 15:07:06'),(125,'menus',1,'Delete','Delete','','','admin','::1','2016-02-18 15:07:26'),(126,'news',3,'Add new','Add new','','','admin','::1','2016-02-18 15:16:27'),(127,'news',4,'Add new','Add new','','','admin','::1','2016-02-18 15:17:16'),(128,'news',5,'Add new','Add new','','','admin','::1','2016-02-18 15:17:38'),(129,'news',6,'Add new','Add new','','','admin','::1','2016-02-18 15:19:44'),(130,'news',7,'Add new','Add new','','','admin','::1','2016-02-18 15:20:10'),(131,'news',6,'status','update','1','0','admin','::1','2016-02-18 15:24:14'),(132,'news',5,'status','update','1','0','admin','::1','2016-02-18 15:24:14'),(133,'news',7,'status','update','1','0','admin','::1','2016-02-18 15:24:14'),(134,'news',4,'status','update','1','0','admin','::1','2016-02-18 15:24:14'),(135,'news',3,'status','update','1','0','admin','::1','2016-02-18 15:24:14'),(136,'news',7,'status','update','0','1','admin','::1','2016-02-18 15:25:02'),(137,'news',6,'status','update','0','1','admin','::1','2016-02-18 15:25:02'),(138,'news',3,'status','update','0','1','admin','::1','2016-02-18 15:25:02'),(139,'news',4,'status','update','0','1','admin','::1','2016-02-18 15:25:02'),(140,'news',5,'status','update','0','1','admin','::1','2016-02-18 15:25:02'),(141,'news',6,'status','update','1','0','admin','::1','2016-02-18 15:25:12'),(142,'news',7,'status','update','1','0','admin','::1','2016-02-18 15:25:12'),(143,'news',4,'status','update','1','0','admin','::1','2016-02-18 15:25:12'),(144,'news',3,'status','update','1','0','admin','::1','2016-02-18 15:25:12'),(145,'news',5,'status','update','1','0','admin','::1','2016-02-18 15:25:12'),(146,'news',3,'status','update','0','1','admin','::1','2016-02-18 15:25:24'),(147,'news',5,'status','update','0','1','admin','::1','2016-02-18 15:25:24'),(148,'news',6,'status','update','0','1','admin','::1','2016-02-18 15:25:24'),(149,'news',7,'status','update','0','1','admin','::1','2016-02-18 15:25:24'),(150,'news',4,'status','update','0','1','admin','::1','2016-02-18 15:25:24'),(151,'news',4,'status','update','1','0','admin','::1','2016-02-18 15:26:38'),(152,'news',7,'status','update','1','0','admin','::1','2016-02-18 15:26:38'),(153,'news',6,'status','update','1','0','admin','::1','2016-02-18 15:26:38'),(154,'news',3,'status','update','1','0','admin','::1','2016-02-18 15:26:38'),(155,'news',5,'status','update','1','0','admin','::1','2016-02-18 15:26:38'),(156,'news',4,'status','update','0','1','admin','::1','2016-02-18 15:26:51'),(157,'news',7,'status','update','0','1','admin','::1','2016-02-18 15:26:51'),(158,'news',3,'status','update','0','1','admin','::1','2016-02-18 15:26:51'),(159,'news',5,'status','update','0','1','admin','::1','2016-02-18 15:26:51'),(160,'news',6,'status','update','0','1','admin','::1','2016-02-18 15:26:51'),(161,'banners',14,'Delete','Delete','','','admin','::1','2016-02-19 09:23:11'),(162,'banners',16,'Add new','Add new','','','admin','::1','2016-02-19 09:24:00'),(163,'banners',16,'Trash','Trash','','','admin','::1','2016-02-19 09:24:10'),(164,'banners',16,'Restore','Restore','','','admin','::1','2016-02-19 09:40:05'),(165,'banners',16,'Trash','Trash','','','admin','::1','2016-02-19 09:40:32'),(166,'banners',16,'Restore','Restore','','','admin','::1','2016-02-19 09:40:39'),(167,'banners',16,'Trash','Trash','','','admin','::1','2016-02-19 09:41:35'),(168,'banners',16,'Restore','Restore','','','admin','::1','2016-02-19 09:41:38'),(169,'banners',16,'Trash','Trash','','','admin','::1','2016-02-19 09:41:47'),(170,'banners',16,'Restore','Restore','','','admin','::1','2016-02-19 09:44:41'),(171,'banners',16,'Restore','Restore','','','admin','::1','2016-02-19 09:44:56'),(172,'banners',16,'Trash','Trash','','','admin','::1','2016-02-19 10:20:52'),(173,'categories',2,'Restore','Restore','','','admin','::1','2016-02-22 08:58:56'),(174,'categories',2,'Delete','Delete','','','admin','::1','2016-02-22 08:59:01'),(175,'categories',2,'Restore','Restore','','','admin','::1','2016-02-22 08:59:07'),(176,'categories',2,'Delete','Delete','','','admin','::1','2016-02-22 08:59:16'),(177,'categories',2,'Restore','Restore','','','admin','::1','2016-02-22 08:59:20'),(178,'categories',2,'Delete','Delete','','','admin','::1','2016-02-22 08:59:38'),(179,'categories',2,'Restore','Restore','','','admin','::1','2016-02-22 08:59:45'),(180,'categories',2,'Delete','Delete','','','admin','::1','2016-02-22 09:00:39'),(181,'categories',2,'Restore','Restore','','','admin','::1','2016-02-22 09:00:43'),(182,'categories',2,'Delete','Delete','','','admin','::1','2016-02-22 09:01:03'),(183,'categories',2,'Restore','Restore','','','admin','::1','2016-02-22 09:01:09'),(184,'categories',2,'Delete','Delete','','','admin','::1','2016-02-22 09:01:33'),(185,'categories',2,'Restore','Restore','','','admin','::1','2016-02-22 09:01:37'),(186,'categories',2,'Delete','Delete','','','admin','::1','2016-02-22 09:02:21'),(187,'categories',2,'Restore','Restore','','','admin','::1','2016-02-22 09:02:25'),(188,'categories',2,'Delete','Delete','','','admin','::1','2016-02-22 09:02:55'),(189,'categories',2,'Restore','Restore','','','admin','::1','2016-02-22 09:03:00'),(190,'categories',2,'Delete','Delete','','','admin','::1','2016-02-22 09:04:07'),(191,'categories',2,'Restore','Restore','','','admin','::1','2016-02-22 09:04:11'),(192,'categories',2,'Delete','Delete','','','admin','::1','2016-02-22 09:04:34'),(193,'categories',2,'Restore','Restore','','','admin','::1','2016-02-22 09:04:40'),(194,'categories',2,'Delete','Delete','','','admin','::1','2016-02-22 09:05:02'),(195,'categories',2,'Restore','Restore','','','admin','::1','2016-02-22 09:05:06'),(196,'categories',2,'Delete','Delete','','','admin','::1','2016-02-22 09:06:28'),(197,'categories',2,'Restore','Restore','','','admin','::1','2016-02-22 09:06:32'),(198,'banners',16,'Restore','Restore','','','admin','::1','2016-02-22 09:09:03'),(199,'banners',16,'Trash','Trash','','','admin','::1','2016-02-22 09:10:38'),(200,'banners',16,'Restore','Restore','','','admin','::1','2016-02-22 09:10:48'),(201,'banners',16,'Trash','Trash','','','admin','::1','2016-02-22 09:11:01'),(202,'categories',2,'Delete','Delete','','','admin','::1','2016-02-22 09:11:47'),(203,'categories',2,'Restore','Restore','','','admin','::1','2016-02-22 09:11:50'),(204,'categories',2,'Delete','Delete','','','admin','::1','2016-02-22 09:11:57'),(205,'categories',2,'Restore','Restore','','','admin','::1','2016-02-22 09:12:08'),(206,'categories',2,'Delete','Delete','','','admin','::1','2016-02-22 09:12:14'),(207,'categories',2,'Restore','Restore','','','admin','::1','2016-02-22 09:12:22'),(208,'categories',2,'Delete','Delete','','','admin','::1','2016-02-22 09:12:50'),(209,'categories',2,'Restore','Restore','','','admin','::1','2016-02-22 09:13:02'),(210,'categories',2,'Delete','Delete','','','admin','::1','2016-02-22 09:13:21'),(211,'categories',2,'Restore','Restore','','','admin','::1','2016-02-22 09:13:26'),(212,'banners',16,'Restore','Restore','','','admin','::1','2016-02-22 09:13:42'),(213,'banners',16,'Trash','Trash','','','admin','::1','2016-02-22 09:13:47'),(214,'banners',16,'Restore','Restore','','','admin','::1','2016-02-22 09:14:01'),(215,'banners',16,'Trash','Trash','','','admin','::1','2016-02-22 09:14:13'),(216,'banners',16,'Restore','Restore','','','admin','::1','2016-02-22 09:14:17'),(217,'banners',16,'Trash','Trash','','','admin','::1','2016-02-22 09:14:54'),(218,'banners',16,'Restore','Restore','','','admin','::1','2016-02-22 09:14:58'),(219,'banners',16,'Trash','Trash','','','admin','::1','2016-02-22 09:15:21'),(220,'banners',16,'Restore','Restore','','','admin','::1','2016-02-22 09:15:36'),(221,'banners',16,'Trash','Trash','','','admin','::1','2016-02-22 09:16:40'),(222,'banners',16,'Restore','Restore','','','admin','::1','2016-02-22 09:16:49'),(223,'categories',2,'Delete','Delete','','','admin','::1','2016-02-22 09:17:11'),(224,'categories',2,'Restore','Restore','','','admin','::1','2016-02-22 09:17:19'),(225,'categories',2,'Delete','Delete','','','admin','::1','2016-02-22 09:17:24'),(226,'categories',2,'Restore','Restore','','','admin','::1','2016-02-22 09:17:28'),(227,'categories',2,'Delete','Delete','','','admin','::1','2016-02-22 09:17:37'),(228,'categories',2,'Restore','Restore','','','admin','::1','2016-02-22 09:17:44'),(229,'categories',2,'Delete','Delete','','','admin','::1','2016-02-22 09:18:10'),(230,'categories',2,'Restore','Restore','','','admin','::1','2016-02-22 09:18:13'),(231,'categories',2,'Delete','Delete','','','admin','::1','2016-02-22 09:18:56'),(232,'categories',2,'Restore','Restore','','','admin','::1','2016-02-22 09:19:00'),(233,'categories',2,'Delete','Delete','','','admin','::1','2016-02-22 09:19:16'),(234,'categories',2,'Restore','Restore','','','admin','::1','2016-02-22 09:19:20'),(235,'categories',2,'Delete','Delete','','','admin','::1','2016-02-22 09:19:35'),(236,'categories',2,'Restore','Restore','','','admin','::1','2016-02-22 09:19:38'),(237,'categories',2,'Delete','Delete','','','admin','::1','2016-02-22 09:20:16'),(238,'categories',2,'Restore','Restore','','','admin','::1','2016-02-22 09:20:19'),(239,'categories',2,'Delete','Delete','','','admin','::1','2016-02-22 09:20:52'),(240,'categories',2,'Restore','Restore','','','admin','::1','2016-02-22 09:21:06'),(241,'categories',2,'Delete','Delete','','','admin','::1','2016-02-22 09:21:44'),(242,'categories',2,'Restore','Restore','','','admin','::1','2016-02-22 09:21:59'),(243,'categories',2,'Delete','Delete','','','admin','::1','2016-02-22 09:23:19'),(244,'categories',2,'Restore','Restore','','','admin','::1','2016-02-22 09:23:23'),(245,'categories',2,'Delete','Delete','','','admin','::1','2016-02-22 09:23:31'),(246,'categories',2,'Restore','Restore','','','admin','::1','2016-02-22 09:23:36'),(247,'categories',2,'Delete','Delete','','','admin','::1','2016-02-22 09:24:13'),(248,'categories',2,'Restore','Restore','','','admin','::1','2016-02-22 09:24:18'),(249,'categories',2,'Delete','Delete','','','admin','::1','2016-02-22 09:24:52'),(250,'categories',2,'Restore','Restore','','','admin','::1','2016-02-22 09:24:59'),(251,'categories',2,'Delete','Delete','','','admin','::1','2016-02-22 09:25:31'),(252,'categories',2,'Restore','Restore','','','admin','::1','2016-02-22 09:25:39'),(253,'categories',2,'Delete','Delete','','','admin','::1','2016-02-22 09:26:08'),(254,'categories',2,'Restore','Restore','','','admin','::1','2016-02-22 09:26:15'),(255,'categories',2,'Delete','Delete','','','admin','::1','2016-02-22 09:28:52'),(256,'categories',2,'Restore','Restore','','','admin','::1','2016-02-22 09:28:57'),(257,'categories',2,'Delete','Delete','','','admin','::1','2016-02-22 09:29:04'),(258,'categories',2,'Restore','Restore','','','admin','::1','2016-02-22 09:29:10'),(259,'categories',2,'Delete','Delete','','','admin','::1','2016-02-22 09:29:33'),(260,'categories',2,'Restore','Restore','','','admin','::1','2016-02-22 09:29:37'),(261,'categories',2,'Delete','Delete','','','admin','::1','2016-02-22 09:30:29'),(262,'categories',2,'Restore','Restore','','','admin','::1','2016-02-22 09:30:36'),(263,'categories',2,'Delete','Delete','','','admin','::1','2016-02-22 09:33:31'),(264,'categories',2,'Restore','Restore','','','admin','::1','2016-02-22 09:34:00'),(265,'categories',2,'Delete','Delete','','','admin','::1','2016-02-22 09:34:08'),(266,'categories',2,'Restore','Restore','','','admin','::1','2016-02-22 09:34:17'),(267,'categories',2,'Delete','Delete','','','admin','::1','2016-02-22 09:34:41'),(268,'categories',2,'Restore','Restore','','','admin','::1','2016-02-22 09:34:51'),(269,'categories',2,'Delete','Delete','','','admin','::1','2016-02-22 09:36:08'),(270,'categories',2,'Restore','Restore','','','admin','::1','2016-02-22 09:36:21'),(271,'categories',2,'Delete','Delete','','','admin','::1','2016-02-22 09:36:55'),(272,'categories',2,'Restore','Restore','','','admin','::1','2016-02-22 09:37:00'),(273,'categories',2,'Delete','Delete','','','admin','::1','2016-02-22 09:37:45'),(274,'categories',2,'Restore','Restore','','','admin','::1','2016-02-22 09:37:50'),(275,'categories',2,'Delete','Delete','','','admin','::1','2016-02-22 09:38:01'),(276,'categories',2,'Restore','Restore','','','admin','::1','2016-02-22 09:38:05'),(277,'categories',2,'Delete','Delete','','','admin','::1','2016-02-22 09:38:11'),(278,'categories',2,'Restore','Restore','','','admin','::1','2016-02-22 09:38:16'),(279,'categories',2,'Delete','Delete','','','admin','::1','2016-02-22 09:38:23'),(280,'categories',2,'Restore','Restore','','','admin','::1','2016-02-22 09:38:28'),(281,'categories',2,'Delete','Delete','','','admin','::1','2016-02-22 09:38:34'),(282,'categories',2,'Restore','Restore','','','admin','::1','2016-02-22 09:38:38'),(283,'categories',2,'Delete','Delete','','','admin','::1','2016-02-22 09:38:49'),(284,'categories',2,'Restore','Restore','','','admin','::1','2016-02-22 09:38:52'),(285,'categories',2,'Delete','Delete','','','admin','::1','2016-02-22 09:38:57'),(286,'banners',16,'Trash','Trash','','','admin','::1','2016-02-22 09:39:08'),(287,'banners',16,'Restore','Restore','','','admin','::1','2016-02-22 09:39:12'),(288,'banners',16,'Trash','Trash','','','admin','::1','2016-02-22 09:39:17'),(289,'banners',16,'Restore','Restore','','','admin','::1','2016-02-22 09:39:21'),(290,'banners',16,'Trash','Trash','','','admin','::1','2016-02-22 09:39:26'),(291,'banners',16,'Restore','Restore','','','admin','::1','2016-02-22 09:39:30'),(292,'banners',16,'Trash','Trash','','','admin','::1','2016-02-22 09:39:33'),(293,'banners',16,'Restore','Restore','','','admin','::1','2016-02-22 09:39:37'),(294,'banners',16,'Trash','Trash','','','admin','::1','2016-02-22 09:40:08'),(295,'banners',16,'Restore','Restore','','','admin','::1','2016-02-22 09:40:12'),(296,'banners',16,'Trash','Trash','','','admin','::1','2016-02-22 09:40:18'),(297,'banners',16,'Restore','Restore','','','admin','::1','2016-02-22 09:40:22'),(298,'banners',16,'Trash','Trash','','','admin','::1','2016-02-22 09:40:27'),(299,'banners',16,'Restore','Restore','','','admin','::1','2016-02-22 09:40:31'),(300,'banners',16,'Trash','Trash','','','admin','::1','2016-02-22 09:40:38'),(301,'banners',16,'Restore','Restore','','','admin','::1','2016-02-22 09:40:42'),(302,'banners',16,'Trash','Trash','','','admin','::1','2016-02-22 09:40:53'),(303,'banners',16,'Restore','Restore','','','admin','::1','2016-02-22 09:40:59'),(304,'banners',16,'Trash','Trash','','','admin','::1','2016-02-22 09:41:30'),(305,'banners',16,'Restore','Restore','','','admin','::1','2016-02-22 09:41:36'),(306,'banners',16,'Trash','Trash','','','admin','::1','2016-02-22 09:43:22'),(307,'banners',16,'Restore','Restore','','','admin','::1','2016-02-22 09:43:33'),(308,'categories',2,'Restore','Restore','','','admin','::1','2016-02-22 09:43:49'),(309,'categories',2,'Delete','Delete','','','admin','::1','2016-02-22 09:44:02'),(310,'categories',2,'Restore','Restore','','','admin','::1','2016-02-22 09:44:06'),(311,'banners',16,'Trash','Trash','','','admin','::1','2016-02-22 09:44:38'),(312,'banners',16,'Restore','Restore','','','admin','::1','2016-02-22 09:47:27'),(313,'categories',2,'Delete','Delete','','','admin','::1','2016-02-22 09:47:48'),(314,'categories',2,'Restore','Restore','','','admin','::1','2016-02-22 09:48:04'),(315,'categories',2,'Delete','Delete','','','admin','::1','2016-02-22 09:48:17'),(316,'categories',2,'Restore','Restore','','','admin','::1','2016-02-22 09:48:27'),(317,'categories',2,'Delete','Delete','','','admin','::1','2016-02-22 09:52:06'),(318,'categories',2,'Restore','Restore','','','admin','::1','2016-02-22 09:52:17'),(319,'categories',2,'Delete','Delete','','','admin','::1','2016-02-22 09:52:25'),(320,'categories',2,'Restore','Restore','','','admin','::1','2016-02-22 09:52:48'),(321,'categories',2,'Delete','Delete','','','admin','::1','2016-02-22 09:52:57'),(322,'categories',2,'Restore','Restore','','','admin','::1','2016-02-22 09:53:01'),(323,'categories',2,'Delete','Delete','','','admin','::1','2016-02-22 09:53:33'),(324,'categories',2,'Restore','Restore','','','admin','::1','2016-02-22 09:53:37'),(325,'categories',2,'Delete','Delete','','','admin','::1','2016-02-22 09:53:51'),(326,'categories',2,'Restore','Restore','','','admin','::1','2016-02-22 09:53:55'),(327,'categories',2,'Delete','Delete','','','admin','::1','2016-02-22 09:54:12'),(328,'categories',2,'Restore','Restore','','','admin','::1','2016-02-22 09:54:18'),(329,'categories',2,'Delete','Delete','','','admin','::1','2016-02-22 09:54:56'),(330,'categories',2,'Restore','Restore','','','admin','::1','2016-02-22 09:55:20'),(331,'categories',2,'Delete','Delete','','','admin','::1','2016-02-22 09:55:25'),(332,'categories',2,'Restore','Restore','','','admin','::1','2016-02-22 09:55:28'),(333,'categories',2,'Delete','Delete','','','admin','::1','2016-02-22 09:56:18'),(334,'categories',2,'Restore','Restore','','','admin','::1','2016-02-22 09:56:40'),(335,'categories',2,'Delete','Delete','','','admin','::1','2016-02-22 09:56:48'),(336,'categories',2,'Restore','Restore','','','admin','::1','2016-02-22 09:57:10'),(337,'categories',2,'Delete','Delete','','','admin','::1','2016-02-22 09:57:16'),(338,'menus',3,'Add new','Add new','','','admin','::1','2016-02-22 10:01:21'),(339,'menus',3,'Delete','Delete','','','admin','::1','2016-02-22 10:01:35'),(340,'menus',3,'Restore','Restore','','','admin','::1','2016-02-22 10:02:53'),(341,'menus',3,'Delete','Delete','','','admin','::1','2016-02-22 10:03:00'),(342,'menus',3,'Restore','Restore','','','admin','::1','2016-02-22 10:03:04'),(343,'menus',3,'Delete','Delete','','','admin','::1','2016-02-22 10:03:11'),(344,'menus',3,'Restore','Restore','','','admin','::1','2016-02-22 10:03:15'),(345,'banners',16,'Trash','Trash','','','admin','::1','2016-02-22 10:03:25'),(346,'banners',16,'Restore','Restore','','','admin','::1','2016-02-22 10:03:30'),(347,'banners',16,'Trash','Trash','','','admin','::1','2016-02-22 10:04:07'),(348,'banners',16,'Restore','Restore','','','admin','::1','2016-02-22 10:04:18'),(349,'banners',16,'Trash','Trash','','','admin','::1','2016-02-22 10:04:56'),(350,'banners',16,'Restore','Restore','','','admin','::1','2016-02-22 10:05:00'),(351,'banners',16,'Trash','Trash','','','admin','::1','2016-02-22 10:05:23'),(352,'banners',16,'Restore','Restore','','','admin','::1','2016-02-22 10:05:27'),(353,'menus',3,'Delete','Delete','','','admin','::1','2016-02-22 10:05:37'),(354,'menus',3,'Restore','Restore','','','admin','::1','2016-02-22 10:05:40'),(355,'banners',16,'Trash','Trash','','','admin','::1','2016-02-22 10:07:31'),(356,'banners',16,'Restore','Restore','','','admin','::1','2016-02-22 10:07:35'),(357,'news',7,'Restore','Restore','','','admin','::1','2016-02-22 10:09:59'),(358,'news',5,'Restore','Restore','','','admin','::1','2016-02-22 10:09:59'),(359,'news',6,'Restore','Restore','','','admin','::1','2016-02-22 10:09:59'),(360,'news',4,'Restore','Restore','','','admin','::1','2016-02-22 10:09:59'),(361,'news',3,'Restore','Restore','','','admin','::1','2016-02-22 10:09:59'),(362,'news',2,'Restore','Restore','','','admin','::1','2016-02-22 10:09:59'),(363,'news',7,'Delete','Delete','','','admin','::1','2016-02-22 10:10:07'),(364,'news',6,'Delete','Delete','','','admin','::1','2016-02-22 10:10:07'),(365,'news',3,'Delete','Delete','','','admin','::1','2016-02-22 10:10:07'),(366,'news',4,'Delete','Delete','','','admin','::1','2016-02-22 10:10:07'),(367,'news',5,'Delete','Delete','','','admin','::1','2016-02-22 10:10:07'),(368,'news',2,'Delete','Delete','','','admin','::1','2016-02-22 10:10:07'),(369,'news',7,'Restore','Restore','','','admin','::1','2016-02-22 10:10:11'),(370,'news',6,'Restore','Restore','','','admin','::1','2016-02-22 10:10:12'),(371,'news',5,'Restore','Restore','','','admin','::1','2016-02-22 10:10:12'),(372,'news',4,'Restore','Restore','','','admin','::1','2016-02-22 10:10:12'),(373,'news',3,'Restore','Restore','','','admin','::1','2016-02-22 10:10:12'),(374,'news',2,'Restore','Restore','','','admin','::1','2016-02-22 10:10:12'),(375,'admincp_accounts',4,'Restore','Restore','','','admin','::1','2016-02-22 10:22:29'),(376,'admincp_accounts',4,'Restore','Restore','','','admin','::1','2016-02-22 10:23:07'),(377,'admincp_accounts',4,'Restore','Restore','','','admin','::1','2016-02-22 10:25:26'),(378,'admincp_accounts',4,'Trash','Trash','','','admin','::1','2016-02-22 10:26:14'),(379,'admincp_accounts',4,'Restore','Restore','','','admin','::1','2016-02-22 10:26:19'),(380,'admincp_accounts',4,'Trash','Trash','','','admin','::1','2016-02-22 10:26:43'),(381,'admincp_accounts',4,'Restore','Restore','','','admin','::1','2016-02-22 10:27:42'),(382,'admincp_accounts',4,'Trash','Trash','','','admin','::1','2016-02-22 10:28:37'),(383,'admincp_accounts',4,'Restore','Restore','','','admin','::1','2016-02-22 10:30:30'),(384,'admincp_accounts',4,'Trash','Trash','','','admin','::1','2016-02-22 10:31:00'),(385,'admincp_accounts',4,'Restore','Restore','','','admin','::1','2016-02-22 10:31:14'),(386,'admincp_accounts',4,'Trash','Trash','','','admin','::1','2016-02-22 10:33:01'),(387,'admincp_accounts',4,'Restore','Restore','','','admin','::1','2016-02-22 10:33:08'),(388,'admincp_accounts',4,'Trash','Trash','','','admin','::1','2016-02-22 10:35:32'),(389,'admincp_accounts',4,'Restore','Restore','','','admin','::1','2016-02-22 10:35:47'),(390,'admincp_accounts',4,'Trash','Trash','','','admin','::1','2016-02-22 10:37:43'),(391,'admincp_accounts',4,'Restore','Restore','','','admin','::1','2016-02-22 10:38:13'),(392,'admincp_accounts',4,'Trash','Trash','','','admin','::1','2016-02-22 10:39:29'),(393,'admincp_accounts',4,'Restore','Restore','','','admin','::1','2016-02-22 10:39:43'),(394,'admincp_accounts',4,'Trash','Trash','','','admin','::1','2016-02-22 10:40:59'),(395,'admincp_accounts',4,'Restore','Restore','','','admin','::1','2016-02-22 10:41:03'),(396,'admincp_accounts',4,'Trash','Trash','','','admin','::1','2016-02-22 10:47:32'),(397,'admincp_accounts',4,'Restore','Restore','','','admin','::1','2016-02-22 10:48:07'),(398,'admincp_accounts',4,'permission','Update','121|rwd,105|rwd,2|rwd,1|rwd,4|rwd,3|rwd,155|rwd,83|rwd,84|rwd','121|rwd,155|rwd,83|rwd,105|rwd,2|rwd,4|rwd,84|rwd','admin','::1','2016-02-22 10:48:19'),(399,'admincp_accounts',5,'Add new','Add new','','','admin','::1','2016-02-22 10:48:52'),(400,'admincp_accounts',5,'Trash','Trash','','','admin','::1','2016-02-22 10:49:01'),(401,'banners',16,'Trash','Trash','','','kimcuu','::1','2016-02-22 10:49:23'),(402,'admincp_accounts',5,'Restore','Restore','','','kimcuu','::1','2016-02-22 10:50:09'),(403,'banners',16,'Delete','Delete','','','admin','::1','2016-02-22 10:50:46'),(404,'menus',3,'Delete','Delete','','','admin','::1','2016-02-22 10:56:11'),(405,'menus',3,'Restore','Restore','','','admin','::1','2016-02-22 10:56:17'),(406,'menus',3,'Delete','Delete','','','admin','::1','2016-02-22 10:56:28'),(407,'menus',3,'Restore','Restore','','','admin','::1','2016-02-22 10:56:32'),(408,'menus',3,'Delete','Delete','','','admin','::1','2016-02-22 10:56:53'),(409,'menus',3,'Restore','Restore','','','admin','::1','2016-02-22 10:56:58'),(410,'static_pages',1,'status','Update','1','0','admin','::1','2016-02-22 11:13:51'),(411,'static_pages',1,'created','Update','2016-02-22 11:13:11','2016-02-22 11:13:51','admin','::1','2016-02-22 11:13:51'),(412,'static_pages',1,'content','Update','test','help','admin','::1','2016-02-22 11:14:08'),(413,'static_pages',1,'created','Update','2016-02-22 11:13:51','2016-02-22 11:14:08','admin','::1','2016-02-22 11:14:08'),(414,'static_pages',2,'Add new','Add new','','','admin','::1','2016-07-14 14:34:27'),(415,'static_pages',2,'content','Update','<!-- This is just a sample existing content (content can be loaded from a database) -->\n    \n    \n	\n\n	\n\n	\n\n	\n\n\n\n\n\n\n\n    \n\n	\n	\n\n	<div class=\"row clearfix\">\n\n        <div class=\"column full\">\n			 <p class=\"size-21 is-info2\"><i>This is a special report</i></p>\n             <h1 class=\"size-48 is-title1-48 is-title-bold is-upper\">Lorem Ipsum is simply dummy text of the printing industry</h1>\n        </div>\n\n	</div>\n\n<div class=\"row clearfix\">\n		<div class=\"column full\">\n			 <h1 class=\"size-48 is-title1-48 is-title-bold is-upper\" style=\"text-align: center;\">luan test</h1>\n        </div>\n	</div>\n\n	<div class=\"row clearfix\">\n\n		<div class=\"column full\">\n\n            <p>Lorem Ipsum is simply dummy text of the printing and typesetting industry. Lorem Ipsum has been the industry\'s standard dummy text ever since the 1500s, when an unknown printer took a galley of type and scrambled it to make a type specimen book. Lorem ipsum dolor sit amet, consectetur adipiscing elit. Vivamus leo ante, consectetur sit amet vulputate vel, dapibus sit amet lectus.</p>\n\n        </div>\n\n	</div>','<!--\r\nThis is just a sample existing content (content can be loaded from a database)\r\n-->\r\n    \r\n    \r\n	\r\n\r\n	\r\n\r\n	\r\n\r\n	\r\n\r\n\r\n\r\n\r\n\r\n\r\n\r\n    \r\n<div class=\"row clearfix\">        \r\n	<div class=\"column full\"> \r\n		<p class=\"size-21 is-info2\"><br />\r\n			</p></div></div>\r\n<div class=\"row clearfix\">\r\n	<div class=\"column full\">        </div></div>','admin','192.168.33.1','2017-09-21 23:12:04'),(416,'static_pages',2,'created','Update','2016-07-14 14:34:27','2017-09-21 23:12:04','admin','192.168.33.1','2017-09-21 23:12:04'),(417,'categories',2,'Restore','Restore','','','admin','::1','2021-01-07 20:43:14'),(418,'categories',2,'image','Update',NULL,'2021/01/f697845d00b0a5bb5e6b048c5395f4ab.png','admin','::1','2021-01-12 19:56:04'),(419,'categories',2,'description','Update',NULL,'1','admin','::1','2021-01-12 19:56:04'),(420,'categories',2,'order','Update',NULL,'1','admin','::1','2021-01-12 19:56:04'),(421,'categories',2,'image','Update',NULL,'2021/01/a41ded68a7400a8d1d50dc6e66651d79.png','admin','::1','2021-01-12 19:56:35'),(422,'categories',2,'description','Update',NULL,'gfhgf','admin','::1','2021-01-12 19:56:35'),(423,'categories',2,'order','Update',NULL,'ghfg','admin','::1','2021-01-12 19:56:35'),(424,'categories',2,'image','Update',NULL,'2021/01/fb875a44b1190d9f78147ad78c6d24c7.png','admin','::1','2021-01-12 19:58:29'),(425,'categories',2,'description','Update',NULL,'dfgfd','admin','::1','2021-01-12 19:58:29'),(426,'categories',2,'order','Update',NULL,'fdg','admin','::1','2021-01-12 19:58:29'),(427,'categories',2,'image','Update',NULL,'2021/01/2b1b34181936b65201238c6311bf66aa.png','admin','::1','2021-01-12 20:02:31'),(428,'categories',2,'order','Update',NULL,'1','admin','::1','2021-01-12 20:02:31'),(429,'categories',2,'image','Update',NULL,'2021/01/49334a793ea572952a21eb87d24b7796.png','admin','::1','2021-01-12 20:05:17'),(430,'categories',2,'order','Update',NULL,'fdh','admin','::1','2021-01-12 20:05:17'),(431,'categories',2,'content','Update','','df','admin','::1','2021-01-12 20:07:55'),(432,'categories',2,'order','Update','','sdf','admin','::1','2021-01-12 20:07:55'),(433,'categories',2,'image','Update','','2021/01/718282fc6131ba06aec3e3fb41de2866.png','admin','::1','2021-01-12 20:08:56'),(434,'categories',2,'order','Update','sdf','1','admin','::1','2021-01-12 20:09:09'),(435,'categories',2,'name','Update','a','Tra sua','admin','::1','2021-01-12 20:12:59'),(436,'categories',2,'slug','Update','a','tra-sua','admin','::1','2021-01-12 20:12:59'),(437,'categories',2,'type','Update',NULL,'PRODUCT','admin','::1','2021-01-12 20:12:59'),(438,'categories',2,'Trash','Trash','','','admin','::1','2021-01-12 20:13:07'),(439,'categories',2,'Restore','Restore','','','admin','::1','2021-01-12 20:13:14'),(440,'Categories_topping',7,'Add new','Add new','','','admin','::1','2021-01-14 19:35:58'),(441,'Categories_topping',8,'Add new','Add new','','','admin','::1','2021-01-14 19:37:00'),(442,'toppings',1,'Add new','Add new','','','admin','::1','2021-01-18 12:05:09'),(443,'toppings',2,'Add new','Add new','','','admin','::1','2021-01-18 12:07:10'),(444,'toppings',1,'Trash','Trash','','','admin','::1','2021-01-18 12:23:41'),(445,'toppings',1,'Delete','Delete','','','admin','::1','2021-01-18 12:23:45'),(446,'toppings',2,'Trash','Trash','','','admin','::1','2021-01-18 12:25:17'),(447,'toppings',2,'Delete','Delete','','','admin','::1','2021-01-18 12:25:21'),(448,'toppings',3,'Add new','Add new','','','admin','::1','2021-01-18 12:25:34'),(449,'toppings',3,'name','Update','12','12121','admin','::1','2021-01-18 12:25:45'),(450,'toppings',3,'products','Update','a:2:{i:0;s:2:\"NC\";i:1;s:2:\"ND\";}','N;','admin','::1','2021-01-18 12:25:45'),(451,'stores',1,'Add new','Add new','','','admin','::1','2021-01-18 14:31:51'),(452,'stores',2,'Add new','Add new','','','admin','::1','2021-01-18 14:32:32'),(453,'stores',1,'Trash','Trash','','','admin','::1','2021-01-18 14:33:24'),(454,'stores',2,'Trash','Trash','','','admin','::1','2021-01-18 14:33:24'),(455,'stores',2,'Delete','Delete','','','admin','::1','2021-01-18 14:33:27'),(456,'stores',1,'Delete','Delete','','','admin','::1','2021-01-18 14:33:27'),(457,'stores',3,'Add new','Add new','','','admin','::1','2021-01-18 14:33:43'),(458,'stores',4,'Add new','Add new','','','admin','::1','2021-01-18 14:34:40'),(459,'stores',3,'Trash','Trash','','','admin','::1','2021-01-18 14:38:00'),(460,'stores',3,'Delete','Delete','','','admin','::1','2021-01-18 14:38:05'),(461,'stores',5,'Add new','Add new','','','admin','::1','2021-01-18 14:39:34'),(462,'stores',5,'url','Update','https://www.google.com/maps/place/Highlands+Coffee+-***/@12.2113054,109.1776636,14z/data=!4m8!1m2!2m1!1shighlands+coffee!3m4!1s0x0:0x3fc01ef516a1231c!8m2!3d12.2436746!4d109.1821235?hl=vi-VN','&lt;iframe src=\"https://www.google.com/maps/embed?pb=!1m18!1m12!1m3!1d37099.24441094822!2d109.17354524226849!3d12.209111905859682!2m3!1f0!2f0!3f0!3m2!1i1024!2i768!4f13.1!3m3!1m2!1s0x0:0x91adc1e7c89f6b01!2sHighlands Coffee!5e0!3m2!1svi!2s!4v1610956911676!5m2!1svi!2s\" width=\"600\" height=\"450\" frameborder=\"0\" [removed] allowfullscreen=\"\" aria-hidden=\"false\" tabindex=\"0\"&gt;&lt;/iframe>','admin','::1','2021-01-18 15:02:00'),(463,'stores',5,'longitude','Update','12.2113054','109.17354524226849','admin','::1','2021-01-18 15:02:00'),(464,'stores',5,'latitude','Update','109.1776636','12.209111905859682','admin','::1','2021-01-18 15:02:00'),(465,'stores',5,'created','Update','2021-01-18 14:39:34','2021-01-18 15:02:00','admin','::1','2021-01-18 15:02:00'),(466,'stores',5,'created','Update','2021-01-18 15:02:00','2021-01-18 15:06:20','admin','::1','2021-01-18 15:06:20'),(467,'stores',4,'url','Update','https://www.google.com/maps/place/Highlands+coffee/@12.2113054,109.1776636,14z/data=!4m8!1m2!2m1!1shighlands+coffee!3m4!1s0x0:0x8531706a9cb309a7!8m2!3d12.216743!4d109.1985548?hl=vi-VN','&lt;iframe src=\"https://www.google.com/maps/embed?pb=!1m18!1m12!1m3!1d13115.648406120072!2d109.19203233543307!3d12.227575267249447!2m3!1f0!2f0!3f0!3m2!1i1024!2i768!4f13.1!3m3!1m2!1s0x0:0x91adc1e7c89f6b01!2sHighlands Coffee!5e0!3m2!1svi!2s!4v1610956984402!5m2!1svi!2s\" width=\"600\" height=\"450\" frameborder=\"0\" [removed] allowfullscreen=\"\" aria-hidden=\"false\" tabindex=\"0\"&gt;&lt;/iframe>','admin','::1','2021-01-18 15:06:36'),(468,'stores',4,'longitude','Update','12.2113054','109.19203233543307','admin','::1','2021-01-18 15:06:36'),(469,'stores',4,'latitude','Update','109.1776636','12.227575267249447','admin','::1','2021-01-18 15:06:36'),(470,'stores',4,'created','Update','2021-01-18 14:34:40','2021-01-18 15:06:36','admin','::1','2021-01-18 15:06:36'),(471,'stores',4,'created','Update','2021-01-18 15:06:36','2021-01-18 15:07:12','admin','::1','2021-01-18 15:07:12'),(472,'stores',4,'longitude','Update','109.19203233543307','12.227575267249447','admin','::1','2021-01-18 15:08:01'),(473,'stores',4,'latitude','Update','12.227575267249447','109.19203233543307','admin','::1','2021-01-18 15:08:01'),(474,'stores',4,'created','Update','2021-01-18 15:07:12','2021-01-18 15:08:01','admin','::1','2021-01-18 15:08:01'),(475,'stores',5,'longitude','Update','109.17354524226849','12.209111905859682','admin','::1','2021-01-18 15:08:06'),(476,'stores',5,'latitude','Update','12.209111905859682','109.17354524226849','admin','::1','2021-01-18 15:08:06'),(477,'stores',5,'created','Update','2021-01-18 15:06:20','2021-01-18 15:08:06','admin','::1','2021-01-18 15:08:06'),(478,'categories',9,'Add new','Add new','','','admin','::1','2021-01-18 15:48:29'),(479,'categories',10,'Add new','Add new','','','admin','::1','2021-01-18 15:48:45'),(480,'toppings',3,'name','Update','12121','Tran Chau','admin','::1','2021-01-18 16:14:34'),(481,'toppings',3,'products','Update','N;','a:2:{i:0;s:2:\"PA\";i:1;s:2:\"RI\";}','admin','::1','2021-01-18 16:14:34'),(482,'toppings',4,'Add new','Add new','','','admin','::1','2021-01-18 16:14:51'),(483,'toppings',5,'Add new','Add new','','','admin','::1','2021-01-18 16:15:12'),(484,'toppings',6,'Add new','Add new','','','admin','::1','2021-01-18 16:15:42'),(485,'products',1,'Add new','Add new','','','admin','::1','2021-01-18 16:47:55'),(486,'products',1,'toppings','Update','a:1:{i:0;s:1:\"6\";}','N;','admin','::1','2021-01-18 16:57:44'),(487,'products',1,'is_size','Update','L','S','admin','::1','2021-01-18 16:57:44'),(488,'products',1,'toppings','Update','N;','a:1:{i:0;s:1:\"6\";}','admin','::1','2021-01-18 17:04:04'),(489,'products',2,'Add new','Add new','','','admin','::1','2021-01-18 17:10:19'),(490,'products',2,'toppings','Update','a:3:{i:0;s:1:\"6\";i:1;s:1:\"5\";i:2;s:1:\"4\";}','a:4:{i:0;s:1:\"6\";i:1;s:1:\"5\";i:2;s:1:\"4\";i:3;s:1:\"3\";}','admin','::1','2021-01-18 17:18:18'),(491,'update_profile',2,'password','Update','123456','12','admin','::1','2021-01-22 09:57:58'),(492,'categories',11,'Add new','Add new','','','admin','::1','2021-01-22 09:59:51'),(493,'categories',10,'Trash','Trash','','','admin','::1','2021-01-22 10:03:17'),(494,'categories',10,'Delete','Delete','','','admin','::1','2021-01-22 10:03:21'),(495,'products',1,'Trash','Trash','','','admin','::1','2021-01-22 10:10:25'),(496,'products',2,'Trash','Trash','','','admin','::1','2021-01-22 10:10:25'),(497,'products',2,'Delete','Delete','','','admin','::1','2021-01-22 10:10:28'),(498,'products',1,'Delete','Delete','','','admin','::1','2021-01-22 10:10:28'),(499,'Categories_topping',12,'Add new','Add new','','','admin','::1','2021-01-22 11:10:09'),(500,'toppings',7,'Add new','Add new','','','admin','::1','2021-01-22 11:10:26'),(501,'toppings',8,'Add new','Add new','','','admin','::1','2021-01-22 11:10:39'),(502,'toppings',9,'Add new','Add new','','','admin','::1','2021-01-22 11:10:57'),(503,'products',3,'Add new','Add new','','','admin','::1','2021-01-22 11:13:50'),(504,'products',3,'toppings','Update','a:7:{i:0;s:1:\"9\";i:1;s:1:\"8\";i:2;s:1:\"7\";i:3;s:1:\"6\";i:4;s:1:\"5\";i:5;s:1:\"4\";i:6;s:1:\"3\";}','a:4:{i:0;s:1:\"6\";i:1;s:1:\"5\";i:2;s:1:\"4\";i:3;s:1:\"3\";}','admin','::1','2021-01-22 11:14:02'),(505,'toppings',9,'Trash','Trash','','','admin','::1','2021-01-22 11:14:46'),(506,'toppings',8,'Trash','Trash','','','admin','::1','2021-01-22 11:14:46'),(507,'toppings',6,'Trash','Trash','','','admin','::1','2021-01-22 11:14:46'),(508,'toppings',4,'Trash','Trash','','','admin','::1','2021-01-22 11:14:46'),(509,'toppings',7,'Trash','Trash','','','admin','::1','2021-01-22 11:14:46'),(510,'toppings',3,'Trash','Trash','','','admin','::1','2021-01-22 11:14:46'),(511,'toppings',5,'Trash','Trash','','','admin','::1','2021-01-22 11:14:47'),(512,'toppings',7,'Delete','Delete','','','admin','::1','2021-01-22 11:14:50'),(513,'toppings',6,'Delete','Delete','','','admin','::1','2021-01-22 11:14:50'),(514,'toppings',5,'Delete','Delete','','','admin','::1','2021-01-22 11:14:50'),(515,'toppings',4,'Delete','Delete','','','admin','::1','2021-01-22 11:14:50'),(516,'toppings',8,'Delete','Delete','','','admin','::1','2021-01-22 11:14:50'),(517,'toppings',9,'Delete','Delete','','','admin','::1','2021-01-22 11:14:50'),(518,'toppings',3,'Delete','Delete','','','admin','::1','2021-01-22 11:14:50'),(519,'categories_topping',12,'Trash','Trash','','','admin','::1','2021-01-22 11:14:57'),(520,'categories_topping',8,'Trash','Trash','','','admin','::1','2021-01-22 11:14:57'),(521,'categories_topping',12,'Delete','Delete','','','admin','::1','2021-01-22 11:15:01'),(522,'categories_topping',8,'Delete','Delete','','','admin','::1','2021-01-22 11:15:01'),(523,'categories',9,'Trash','Trash','','','admin','::1','2021-01-22 11:15:12'),(524,'categories',11,'Trash','Trash','','','admin','::1','2021-01-22 11:15:12'),(525,'categories',2,'Trash','Trash','','','admin','::1','2021-01-22 11:15:12'),(526,'products',3,'Trash','Trash','','','admin','::1','2021-01-22 11:15:19'),(527,'products',3,'Delete','Delete','','','admin','::1','2021-01-22 11:15:23'),(528,'categories',11,'Delete','Delete','','','admin','::1','2021-01-22 11:15:27'),(529,'categories',2,'Delete','Delete','','','admin','::1','2021-01-22 11:15:27'),(530,'categories',9,'Delete','Delete','','','admin','::1','2021-01-22 11:15:27'),(531,'Categories_topping',13,'Add new','Add new','','','admin','::1','2021-01-24 08:58:03'),(532,'Categories_topping',14,'Add new','Add new','','','admin','::1','2021-01-24 08:58:30'),(533,'Categories_topping',15,'Add new','Add new','','','admin','::1','2021-01-24 08:58:51'),(534,'Categories_topping',16,'Add new','Add new','','','admin','::1','2021-01-24 08:59:05'),(535,'Categories_topping',17,'Add new','Add new','','','admin','::1','2021-01-24 08:59:18'),(536,'toppings',10,'Add new','Add new','','','admin','::1','2021-01-24 08:59:44'),(537,'toppings',11,'Add new','Add new','','','admin','::1','2021-01-24 09:00:58'),(538,'toppings',10,'saleableQty','Update','0','','admin','::1','2021-01-24 09:01:08'),(539,'toppings',10,'products','Update','a:2:{i:0;s:2:\"PA\";i:1;s:2:\"RI\";}','N;','admin','::1','2021-01-24 09:01:08'),(540,'toppings',12,'Add new','Add new','','','admin','::1','2021-01-24 09:01:22'),(541,'toppings',13,'Add new','Add new','','','admin','::1','2021-01-24 09:01:32'),(542,'toppings',14,'Add new','Add new','','','admin','::1','2021-01-24 09:04:18'),(543,'toppings',15,'Add new','Add new','','','admin','::1','2021-01-24 09:04:36'),(544,'toppings',16,'Add new','Add new','','','admin','::1','2021-01-24 09:04:52'),(545,'toppings',17,'Add new','Add new','','','admin','::1','2021-01-24 09:05:21'),(546,'toppings',18,'Add new','Add new','','','admin','::1','2021-01-24 09:05:51'),(547,'toppings',19,'Add new','Add new','','','admin','::1','2021-01-24 09:06:48'),(548,'toppings',20,'Add new','Add new','','','admin','::1','2021-01-24 09:07:05'),(549,'toppings',21,'Add new','Add new','','','admin','::1','2021-01-24 09:07:27'),(550,'toppings',22,'Add new','Add new','','','admin','::1','2021-01-24 09:07:47'),(551,'toppings',23,'Add new','Add new','','','admin','::1','2021-01-24 09:08:04'),(552,'toppings',24,'Add new','Add new','','','admin','::1','2021-01-24 09:08:23'),(553,'toppings',25,'Add new','Add new','','','admin','::1','2021-01-24 09:08:56'),(554,'toppings',26,'Add new','Add new','','','admin','::1','2021-01-24 09:09:13'),(555,'toppings',27,'Add new','Add new','','','admin','::1','2021-01-24 09:09:31'),(556,'toppings',28,'Add new','Add new','','','admin','::1','2021-01-24 09:09:44'),(557,'toppings',29,'Add new','Add new','','','admin','::1','2021-01-24 09:10:14'),(558,'toppings',30,'Add new','Add new','','','admin','::1','2021-01-24 09:10:30'),(559,'toppings',31,'Add new','Add new','','','admin','::1','2021-01-24 09:10:49'),(560,'toppings',32,'Add new','Add new','','','admin','::1','2021-01-24 09:11:04'),(561,'toppings',33,'Add new','Add new','','','admin','::1','2021-01-24 09:11:27'),(562,'toppings',34,'Add new','Add new','','','admin','::1','2021-01-24 09:12:58'),(563,'toppings',35,'Add new','Add new','','','admin','::1','2021-01-24 09:13:15'),(564,'toppings',36,'Add new','Add new','','','admin','::1','2021-01-24 09:13:33'),(565,'toppings',37,'Add new','Add new','','','admin','::1','2021-01-24 09:13:46'),(566,'toppings',38,'Add new','Add new','','','admin','::1','2021-01-24 09:13:56'),(567,'toppings',39,'Add new','Add new','','','admin','::1','2021-01-24 09:14:11'),(568,'toppings',40,'Add new','Add new','','','admin','::1','2021-01-24 09:14:31'),(569,'toppings',41,'Add new','Add new','','','admin','::1','2021-01-24 09:15:52'),(570,'toppings',42,'Add new','Add new','','','admin','::1','2021-01-24 09:16:16'),(571,'toppings',43,'Add new','Add new','','','admin','::1','2021-01-24 09:16:34'),(572,'toppings',44,'Add new','Add new','','','admin','::1','2021-01-24 09:16:42'),(573,'toppings',45,'Add new','Add new','','','admin','::1','2021-01-24 09:16:51'),(574,'toppings',46,'Add new','Add new','','','admin','::1','2021-01-24 09:17:00'),(575,'toppings',47,'Add new','Add new','','','admin','::1','2021-01-24 09:17:07'),(576,'toppings',48,'Add new','Add new','','','admin','::1','2021-01-24 09:17:13'),(577,'toppings',49,'Add new','Add new','','','admin','::1','2021-01-24 09:17:21'),(578,'toppings',50,'Add new','Add new','','','admin','::1','2021-01-24 09:17:28'),(579,'toppings',51,'Add new','Add new','','','admin','::1','2021-01-24 09:17:33'),(580,'toppings',52,'Add new','Add new','','','admin','::1','2021-01-24 09:17:58'),(581,'toppings',53,'Add new','Add new','','','admin','::1','2021-01-24 09:18:08'),(582,'toppings',54,'Add new','Add new','','','admin','::1','2021-01-24 09:18:19'),(583,'toppings',55,'Add new','Add new','','','admin','::1','2021-01-24 09:18:27'),(584,'toppings',56,'Add new','Add new','','','admin','::1','2021-01-24 09:18:38'),(585,'toppings',57,'Add new','Add new','','','admin','::1','2021-01-24 09:18:46'),(586,'categories',18,'Add new','Add new','','','admin','::1','2021-01-24 09:59:11'),(587,'categories',19,'Add new','Add new','','','admin','::1','2021-01-24 10:00:32'),(588,'categories',20,'Add new','Add new','','','admin','::1','2021-01-24 10:00:59'),(589,'categories',21,'Add new','Add new','','','admin','::1','2021-01-24 10:01:32'),(590,'categories',21,'content','Update','Tr Sa Leo','Soda','admin','::1','2021-01-24 10:01:40'),(591,'categories',22,'Add new','Add new','','','admin','::1','2021-01-24 10:02:06'),(592,'products',4,'Add new','Add new','','','admin','::1','2021-01-24 15:24:35'),(593,'products',5,'Add new','Add new','','','admin','::1','2021-01-24 15:25:21'),(594,'products',6,'Add new','Add new','','','admin','::1','2021-01-24 15:26:44'),(595,'products',7,'Add new','Add new','','','admin','::1','2021-01-24 15:29:06'),(596,'products',8,'Add new','Add new','','','admin','::1','2021-01-24 15:30:28'),(597,'products',9,'Add new','Add new','','','admin','::1','2021-01-24 15:31:31'),(598,'products',10,'Add new','Add new','','','admin','::1','2021-01-24 15:31:58'),(599,'products',11,'Add new','Add new','','','admin','::1','2021-01-24 15:32:27'),(600,'products',12,'Add new','Add new','','','admin','::1','2021-01-24 15:35:27'),(601,'products',13,'Add new','Add new','','','admin','::1','2021-01-24 15:35:55'),(602,'products',14,'Add new','Add new','','','admin','::1','2021-01-24 15:36:34'),(603,'products',15,'Add new','Add new','','','admin','::1','2021-01-24 15:36:45'),(604,'products',16,'Add new','Add new','','','admin','::1','2021-01-24 15:36:57'),(605,'products',17,'Add new','Add new','','','admin','::1','2021-01-24 15:37:06'),(606,'products',18,'Add new','Add new','','','admin','::1','2021-01-24 15:37:20'),(607,'products',19,'Add new','Add new','','','admin','::1','2021-01-24 15:37:47'),(608,'products',20,'Add new','Add new','','','admin','::1','2021-01-24 15:38:36'),(609,'products',20,'image','Update','2021/01/1ed63df3db15edec12a43bb2a7543c97.jpg','2021/01/2b2ff76ca7db20d164b272c1bc4e1435.jpg','admin','::1','2021-01-24 15:38:58'),(610,'products',21,'Add new','Add new','','','admin','::1','2021-01-24 15:42:35'),(611,'products',22,'Add new','Add new','','','admin','::1','2021-01-24 15:42:50'),(612,'products',23,'Add new','Add new','','','admin','::1','2021-01-24 15:43:13'),(613,'products',24,'Add new','Add new','','','admin','::1','2021-01-24 15:43:30'),(614,'products',25,'Add new','Add new','','','admin','::1','2021-01-24 15:43:55'),(615,'products',26,'Add new','Add new','','','admin','::1','2021-01-24 15:44:07'),(616,'products',27,'Add new','Add new','','','admin','::1','2021-01-24 15:44:37'),(617,'products',28,'Add new','Add new','','','admin','::1','2021-01-24 15:44:46'),(618,'products',29,'Add new','Add new','','','admin','::1','2021-01-24 15:45:01'),(619,'stores',5,'name','Update','2','Chi nhnh 2','admin','::1','2021-01-25 11:45:07'),(620,'stores',5,'created','Update','2021-01-18 15:08:06','2021-01-25 11:45:07','admin','::1','2021-01-25 11:45:07'),(621,'stores',4,'name','Update','1','chi nhnh 1','admin','::1','2021-01-25 11:45:18'),(622,'stores',4,'content','Update','1','chi nhnh 1','admin','::1','2021-01-25 11:45:18'),(623,'stores',4,'created','Update','2021-01-18 15:08:01','2021-01-25 11:45:18','admin','::1','2021-01-25 11:45:18'),(624,'toppings',58,'Add new','Add new','','','admin','::1','2021-01-27 19:14:45'),(625,'toppings',59,'Add new','Add new','','','admin','::1','2021-01-27 19:15:02'),(626,'toppings',59,'Trash','Trash','','','admin','::1','2021-01-27 19:18:02'),(627,'toppings',58,'Trash','Trash','','','admin','::1','2021-01-27 19:18:03'),(628,'toppings',60,'Add new','Add new','','','admin','::1','2021-01-27 19:18:25'),(629,'toppings',61,'Add new','Add new','','','admin','::1','2021-01-27 19:34:01'),(630,'toppings',61,'Trash','Trash','','','admin','::1','2021-01-27 19:35:34'),(631,'toppings',60,'Trash','Trash','','','admin','::1','2021-01-27 19:35:34'),(632,'toppings',58,'Delete','Delete','','','admin','::1','2021-01-27 19:35:41'),(633,'toppings',59,'Delete','Delete','','','admin','::1','2021-01-27 19:35:41'),(634,'toppings',61,'Delete','Delete','','','admin','::1','2021-01-27 19:35:47'),(635,'toppings',60,'Delete','Delete','','','admin','::1','2021-01-27 19:35:47'),(636,'toppings',62,'Add new','Add new','','','admin','::1','2021-01-27 19:36:03'),(637,'toppings',63,'Add new','Add new','','','admin','::1','2021-01-27 19:40:18'),(638,'toppings',64,'Add new','Add new','','','admin','::1','2021-01-27 19:43:29'),(639,'toppings',65,'Add new','Add new','','','admin','::1','2021-01-27 19:58:37'),(640,'toppings',65,'Trash','Trash','','','admin','::1','2021-01-27 19:59:02'),(641,'toppings',64,'Trash','Trash','','','admin','::1','2021-01-27 19:59:02'),(1642,'staff',19,'Add new','Add new','','','admin','::1','2021-05-23 11:04:11'),(1643,'staff',20,'Add new','Add new','','','admin','::1','2021-05-23 11:06:11'),(1644,'staff',21,'Add new','Add new','','','admin','::1','2021-05-23 11:11:44'),(1645,'staff',22,'Add new','Add new','','','admin','::1','2021-05-23 11:12:37'),(1646,'staff',23,'Add new','Add new','','','admin','::1','2021-05-23 11:15:35'),(1647,'staff',23,'address','Update','12121 Nguyen tri phuong','12121 Nguyen tri phuong 12','admin','::1','2021-05-23 11:48:11'),(1648,'staff',23,'phone','Update','0977521753','097752175312','admin','::1','2021-05-23 11:49:50'),(1649,'common',4,'name','Update','n v sn phm','Ngy lm vic trong tun','admin','::1','2021-05-23 12:09:18'),(1650,'common',4,'code','Update','UNIT','DAYOFWEEK','admin','::1','2021-05-23 12:09:18'),(1651,'common',4,'content','Update','n v sn phm','Ngy lm vic trong tun','admin','::1','2021-05-23 12:09:18'),(1652,'categories',92,'Add new','Add new','','','admin','::1','2021-05-23 12:10:07'),(1653,'categories',93,'Add new','Add new','','','admin','::1','2021-05-23 12:10:18'),(1654,'categories',94,'Add new','Add new','','','admin','::1','2021-05-23 12:10:26'),(1655,'categories',95,'Add new','Add new','','','admin','::1','2021-05-23 12:10:33'),(1656,'categories',96,'Add new','Add new','','','admin','::1','2021-05-23 12:10:39'),(1657,'categories',97,'Add new','Add new','','','admin','::1','2021-05-23 12:10:43'),(1658,'categories',98,'Add new','Add new','','','admin','::1','2021-05-23 12:10:52'),(1659,'categories',98,'order','Update','0','7','admin','::1','2021-05-23 12:14:04'),(1660,'categories',97,'order','Update','0','6','admin','::1','2021-05-23 12:14:09'),(1661,'categories',96,'order','Update','0','5','admin','::1','2021-05-23 12:14:14'),(1662,'categories',94,'order','Update','0','3','admin','::1','2021-05-23 12:14:19'),(1663,'categories',93,'order','Update','0','2','admin','::1','2021-05-23 12:14:26'),(1664,'categories',92,'order','Update','0','1','admin','::1','2021-05-23 12:14:30'),(1665,'categories',95,'order','Update','0','4','admin','::1','2021-05-23 12:15:32'),(1666,'categories',98,'slug','Update','cn','CN','admin','::1','2021-05-23 12:21:27'),(1667,'categories',97,'slug','Update','thu-7','T7','admin','::1','2021-05-23 12:21:34'),(1668,'categories',96,'slug','Update','thu-6','T6','admin','::1','2021-05-23 12:21:39'),(1669,'categories',95,'slug','Update','thu-5','T5','admin','::1','2021-05-23 12:21:47'),(1670,'categories',94,'slug','Update','thu-4','T4','admin','::1','2021-05-23 12:21:53'),(1671,'categories',93,'slug','Update','thu-3','T3','admin','::1','2021-05-23 12:21:59'),(1672,'categories',92,'slug','Update','thu-2','T2','admin','::1','2021-05-23 12:22:05'),(1673,'categories',92,'slug','Update','T2','Monday','admin','::1','2021-05-23 19:02:52'),(1674,'categories',93,'slug','Update','T3','Tuesday','admin','::1','2021-05-23 19:03:16'),(1675,'categories',94,'slug','Update','T4','Wednesday','admin','::1','2021-05-23 19:03:34'),(1676,'categories',95,'slug','Update','T5','Thursday','admin','::1','2021-05-23 19:03:53'),(1677,'categories',96,'slug','Update','T6','Friday','admin','::1','2021-05-23 19:04:43'),(1678,'categories',97,'slug','Update','T7','Saturday','admin','::1','2021-05-23 19:05:17'),(1679,'categories',98,'slug','Update','CN','Sunday','admin','::1','2021-05-23 19:05:33'),(1680,'staff',15,'Delete','Delete','','','admin','::1','2021-05-23 20:38:16'),(1681,'staff',19,'Delete','Delete','','','admin','::1','2021-05-23 20:41:12'),(1682,'staff',16,'Delete','Delete','','','admin','::1','2021-05-23 20:41:43'),(1683,'staff',14,'Delete','Delete','','','admin','::1','2021-05-23 20:43:00'),(1684,'staff',2,'Delete','Delete','','','admin','::1','2021-05-23 20:43:54'),(1685,'staff',7,'Delete','Delete','','','admin','::1','2021-05-23 20:44:15'),(1686,'staff',6,'Delete','Delete','','','admin','::1','2021-05-23 20:45:56'),(1687,'staff',8,'Delete','Delete','','','admin','::1','2021-05-23 20:46:29'),(1688,'staff',3,'Delete','Delete','','','admin','::1','2021-05-23 20:46:38'),(1689,'staff',10,'Delete','Delete','','','admin','::1','2021-05-23 20:46:50'),(1690,'staff',4,'Delete','Delete','','','admin','::1','2021-05-23 20:47:03'),(1691,'staff',1,'Delete','Delete','','','admin','::1','2021-05-23 20:47:46'),(1692,'staff',9,'Delete','Delete','','','admin','::1','2021-05-23 20:47:46'),(1693,'staff',17,'Delete','Delete','','','admin','::1','2021-05-23 20:47:48'),(1694,'staff',11,'Delete','Delete','','','admin','::1','2021-05-23 20:47:49'),(1695,'staff',18,'Delete','Delete','','','admin','::1','2021-05-23 20:47:49'),(1696,'staff',5,'Delete','Delete','','','admin','::1','2021-05-23 20:47:49'),(1697,'staff',12,'Delete','Delete','','','admin','::1','2021-05-23 20:47:51'),(1698,'staff',13,'Delete','Delete','','','admin','::1','2021-05-23 20:47:59'),(1699,'staff',24,'Add new','Add new','','','admin','::1','2021-05-23 20:52:19'),(1700,'stores',70,'name','Update','Leotea Phc Long','Leo Phc Long','admin','::1','2021-05-24 12:17:35'),(1701,'stores',70,'slug','Update','leotea-phuoc-long','leo-phuoc-long','admin','::1','2021-05-24 12:17:35'),(1702,'stores',70,'longitude','Update','109.1947296!3m4!1s0x3170670e5c63b1a5:0x95f90be13dc','109.1947296!3m4!1s0x3170670e5c63b1a5:0x95f90be13dc9c00f!8m2!3d12.2112598','admin','::1','2021-05-24 12:17:35'),(1703,'admincp_accounts',2,'password','Update','c20ad4d76fe97759aa27a0c99bff6710','698d51a19d8a121ce581499d7b701668','admin','::1','2021-05-26 09:38:24'),(1704,'admincp_accounts',2,'permission','Update','121|rwd,105|rwd,2|rwd,4|rwd,218|rwd,235|rwd,199|rwd,193|rwd,245|rwd,215|rwd,211|rwd,256|rwd,237|rwd,263|1|r','121|rwd,105|rwd,2|rwd,4|rwd,218|rwd,237|rwd,235|rwd,199|rwd,193|rwd,245|rwd,215|rwd,211|rwd,256|rwd,263|rwd','admin','::1','2021-05-26 09:38:24'),(1705,'time_sheet_history',1,'Add new','Add new','','','admin','::1','2021-05-26 10:47:13'),(1706,'time_sheet_history',2,'Add new','Add new','','','admin','::1','2021-05-26 10:47:13'),(1707,'staff',24,'password','Update','93279e3308bdbbeed946fc965017f67a','c20ad4d76fe97759aa27a0c99bff6710','admin','::1','2021-05-26 13:12:27');

/*Table structure for table `admin_nqt_modules` */

DROP TABLE IF EXISTS `admin_nqt_modules`;

CREATE TABLE `admin_nqt_modules` (
  `id` int(11) NOT NULL AUTO_INCREMENT,
  `name` varchar(255) NOT NULL,
  `name_function` varchar(50) NOT NULL,
  `order` int(11) DEFAULT NULL,
  `status` tinyint(1) NOT NULL,
  `created` datetime NOT NULL,
  PRIMARY KEY (`id`)
) ENGINE=MyISAM AUTO_INCREMENT=268 DEFAULT CHARSET=utf8;

/*Data for the table `admin_nqt_modules` */

insert  into `admin_nqt_modules`(`id`,`name`,`name_function`,`order`,`status`,`created`) values (1,'Manager Account Group','admincp_account_groups',0,0,'2012-08-16 15:53:42'),(2,'Manager Account','admincp_accounts',2,1,'2012-08-16 15:53:42'),(3,'Manager Module','admincp_modules',0,0,'2012-08-16 15:53:42'),(4,'Manager Logs','admincp_logs',1,1,'2012-08-16 15:53:42'),(218,'History','history',0,1,'2021-03-10 20:38:53'),(256,'Staff','staff',NULL,1,'2021-05-22 23:23:02'),(105,'Categories Management','categories',3,1,'2015-06-20 12:51:53'),(121,'Banners','banners',6,1,'2015-07-04 22:32:44'),(211,'Quote detail','quote_detail',NULL,1,'2021-03-06 14:05:35'),(215,'Report','report',NULL,1,'2021-03-07 16:55:20'),(245,'Stores','stores',NULL,1,'2021-03-15 16:11:43'),(193,'Products','products',NULL,1,'2021-01-18 15:50:49'),(199,'Common','common',NULL,1,'2021-03-01 14:06:01'),(235,'Compare','compare',NULL,1,'2021-03-13 19:07:15'),(237,'Quote','quote',NULL,1,'2021-03-13 19:07:15'),(263,'Time sheet history','time_sheet_history',NULL,1,'2021-05-26 09:38:14');

/*Table structure for table `admin_nqt_settings` */

DROP TABLE IF EXISTS `admin_nqt_settings`;

CREATE TABLE `admin_nqt_settings` (
  `id` int(11) NOT NULL AUTO_INCREMENT,
  `slug` varchar(255) NOT NULL,
  `content` text NOT NULL,
  `modified` datetime NOT NULL,
  PRIMARY KEY (`id`)
) ENGINE=MyISAM AUTO_INCREMENT=2 DEFAULT CHARSET=utf8;

/*Data for the table `admin_nqt_settings` */

insert  into `admin_nqt_settings`(`id`,`slug`,`content`,`modified`) values (1,'title-admincp','aAdmin Control Panel','2015-05-18 13:28:02');

/*Table structure for table `admin_nqt_users` */

DROP TABLE IF EXISTS `admin_nqt_users`;

CREATE TABLE `admin_nqt_users` (
  `id` int(11) NOT NULL AUTO_INCREMENT,
  `username` varchar(50) NOT NULL,
  `password` varchar(50) NOT NULL,
  `group_id` int(11) NOT NULL,
  `permission` varchar(255) NOT NULL,
  `custom_permission` tinyint(1) NOT NULL,
  `status` tinyint(1) NOT NULL DEFAULT '1',
  `delete` tinyint(1) DEFAULT '0',
  `created` datetime NOT NULL,
  PRIMARY KEY (`id`)
) ENGINE=MyISAM AUTO_INCREMENT=8 DEFAULT CHARSET=utf8;

/*Data for the table `admin_nqt_users` */

insert  into `admin_nqt_users`(`id`,`username`,`password`,`group_id`,`permission`,`custom_permission`,`status`,`delete`,`created`) values (1,'root','e10adc3949ba59abbe56e057f20f883e',1,'2|rwd,1|rwd,4|rwd,3|rwd,185|rwd,12|rwd,8|rwd,7|rwd,84|rwd,83|rwd,105|rwd,118|rwd,121|rwd,150|rwd,155|rwd,177|rwd,176|rwd,184|rwd,188|rwd,193|rwd,199|rwd,204|rwd,211|rwd,215|rwd,218|rwd,237|rwd,235|rwd,245|rwd,256|rwd,263|rwd',0,1,0,'2012-08-28 14:52:42'),(2,'admin','698d51a19d8a121ce581499d7b701668',1,'121|rwd,105|rwd,2|rwd,4|rwd,218|rwd,237|rwd,235|rwd,199|rwd,193|rwd,245|rwd,215|rwd,211|rwd,256|rwd,263|rwd',1,1,0,'2012-08-28 14:52:59'),(6,'TomHero','390ba5f6b5f18dd4c63d7cda170a0c74',1,'121|rwd,105|rwd,2|rwd,4|rwd,218|rwd,84|rwd,235|rwd,199|rwd,193|rwd,204|rwd,245|rwd,215|rwd,211|rwd,237|rwd,256|1|r,263|1|r',1,1,0,'2021-03-14 00:28:31'),(7,'Coordinator','390ba5f6b5f18dd4c63d7cda170a0c74',1,'121|---,105|---,2|---,4|---,218|r--,84|---,235|r--,199|---,193|---,204|---,245|---,215|rwd,211|---,237|---,256|1|-,263|1|-',1,1,0,'2021-03-14 01:20:09');

/*Table structure for table `banners` */

DROP TABLE IF EXISTS `banners`;

CREATE TABLE `banners` (
  `id` int(11) NOT NULL AUTO_INCREMENT,
  `url` varchar(255) DEFAULT NULL,
  `image` varchar(255) DEFAULT NULL,
  `title` varchar(255) DEFAULT NULL,
  `description` text,
  `status` tinyint(1) DEFAULT '1',
  `delete` tinyint(1) DEFAULT '0',
  `created` datetime DEFAULT NULL,
  PRIMARY KEY (`id`)
) ENGINE=MyISAM AUTO_INCREMENT=17 DEFAULT CHARSET=utf8;

/*Data for the table `banners` */

/*Table structure for table `categories` */

DROP TABLE IF EXISTS `categories`;

CREATE TABLE `categories` (
  `id` bigint(11) NOT NULL AUTO_INCREMENT,
  `name` varchar(255) DEFAULT NULL,
  `slug` varchar(255) DEFAULT NULL,
  `content` text,
  `order` decimal(10,0) DEFAULT NULL,
  `commonId` varchar(20) DEFAULT NULL,
  `status` tinyint(1) DEFAULT '1',
  `delete` tinyint(1) DEFAULT '0',
  `created` datetime DEFAULT NULL,
  PRIMARY KEY (`id`)
) ENGINE=MyISAM AUTO_INCREMENT=99 DEFAULT CHARSET=utf8;

/*Data for the table `categories` */

insert  into `categories`(`id`,`name`,`slug`,`content`,`order`,`commonId`,`status`,`delete`,`created`) values (93,'Th 3','Tuesday','','2','4',1,0,'2021-05-23 12:10:18'),(94,'Th 4','Wednesday','','3','4',1,0,'2021-05-23 12:10:26'),(95,'Th 5','Thursday','','4','4',1,0,'2021-05-23 12:10:33'),(96,'Th 6','Friday','','5','4',1,0,'2021-05-23 12:10:39'),(97,'Th 7','Saturday','','6','4',1,0,'2021-05-23 12:10:43'),(91,'Shipper','shipper','Shipper','2','3',1,0,'2021-05-22 23:29:44'),(88,'Bo v','bao-ve','Bo v','1','3',1,0,'2021-05-22 23:10:27'),(89,'Thu ngn','thu-ngan','Thu ngn','2','3',1,0,'2021-05-22 23:28:48'),(90,'Qun l','quan-ly','Qun l','1','3',1,0,'2021-05-22 23:29:27'),(98,'CN','Sunday','','7','4',1,0,'2021-05-23 12:10:52'),(92,'Th 2','Monday','','1','4',1,0,'2021-05-23 12:10:07');

/*Table structure for table `common` */

DROP TABLE IF EXISTS `common`;

CREATE TABLE `common` (
  `id` bigint(10) NOT NULL AUTO_INCREMENT,
  `code` varchar(20) COLLATE utf8mb4_unicode_ci DEFAULT NULL,
  `name` varchar(50) COLLATE utf8mb4_unicode_ci DEFAULT NULL,
  `content` text COLLATE utf8mb4_unicode_ci,
  `status` tinyint(1) DEFAULT '1',
  `delete` tinyint(1) DEFAULT '0',
  `created` datetime DEFAULT NULL,
  PRIMARY KEY (`id`)
) ENGINE=MyISAM AUTO_INCREMENT=6 DEFAULT CHARSET=utf8mb4 COLLATE=utf8mb4_unicode_ci;

/*Data for the table `common` */

insert  into `common`(`id`,`code`,`name`,`content`,`status`,`delete`,`created`) values (3,'POSITION','Chc v','V tr nhn vin',1,0,'2021-03-01 14:32:06'),(4,'DAYOFWEEK','Ngy lm vic trong tun','Ngy lm vic trong tun',1,0,'2021-03-01 14:32:27');

/*Table structure for table `infos` */

DROP TABLE IF EXISTS `infos`;

CREATE TABLE `infos` (
  `id` bigint(10) NOT NULL AUTO_INCREMENT,
  `name` varchar(250) COLLATE utf8_unicode_ci DEFAULT NULL,
  `mail` varchar(50) COLLATE utf8_unicode_ci DEFAULT NULL,
  `phone` varchar(50) COLLATE utf8_unicode_ci DEFAULT NULL,
  `phoneother` varchar(50) COLLATE utf8_unicode_ci DEFAULT NULL,
  `facebook` varchar(250) COLLATE utf8_unicode_ci DEFAULT NULL,
  `description` text COLLATE utf8_unicode_ci,
  `address` varchar(250) COLLATE utf8_unicode_ci DEFAULT NULL,
  `status` tinyint(1) DEFAULT NULL,
  `delete` tinyint(1) DEFAULT '0',
  `created` datetime DEFAULT NULL,
  PRIMARY KEY (`id`)
) ENGINE=MyISAM AUTO_INCREMENT=2 DEFAULT CHARSET=utf8 COLLATE=utf8_unicode_ci;

/*Data for the table `infos` */

insert  into `infos`(`id`,`name`,`mail`,`phone`,`phoneother`,`facebook`,`description`,`address`,`status`,`delete`,`created`) values (1,'LEOTEA','leotea@gmail.com','0977507753','0977507753','*',NULL,'*',1,0,'2021-01-14 19:39:49');

/*Table structure for table `orders` */

DROP TABLE IF EXISTS `orders`;

CREATE TABLE `orders` (
  `id` bigint(10) NOT NULL AUTO_INCREMENT,
  `customerId` bigint(10) DEFAULT NULL,
  `items` text CHARACTER SET utf8mb4 COLLATE utf8mb4_vietnamese_ci,
  `total` decimal(10,2) DEFAULT NULL,
  `note` text CHARACTER SET utf8mb4 COLLATE utf8mb4_vietnamese_ci,
  `status` tinyint(1) DEFAULT '1',
  `delete` tinyint(1) DEFAULT '0',
  `created` datetime DEFAULT NULL,
  PRIMARY KEY (`id`)
) ENGINE=MyISAM DEFAULT CHARSET=utf8mb4 COLLATE=utf8mb4_unicode_ci;

/*Data for the table `orders` */

/*Table structure for table `products` */

DROP TABLE IF EXISTS `products`;

CREATE TABLE `products` (
  `id` bigint(11) NOT NULL AUTO_INCREMENT,
  `name` varchar(250) COLLATE utf8mb4_unicode_ci DEFAULT NULL,
  `code` varchar(250) COLLATE utf8mb4_unicode_ci DEFAULT NULL,
  `order` decimal(10,0) DEFAULT NULL,
  `slug` varchar(250) COLLATE utf8mb4_unicode_ci DEFAULT NULL,
  `image` text COLLATE utf8mb4_unicode_ci,
  `type` bigint(11) DEFAULT NULL,
  `unit` varchar(50) COLLATE utf8mb4_unicode_ci DEFAULT NULL,
  `description` text COLLATE utf8mb4_unicode_ci,
  `price` text COLLATE utf8mb4_unicode_ci,
  `quote` decimal(10,0) DEFAULT NULL,
  `viewAll` tinyint(1) DEFAULT '0',
  `useStore` text COLLATE utf8mb4_unicode_ci,
  `is_remove` tinyint(1) DEFAULT '0',
  `status` tinyint(1) DEFAULT '1',
  `delete` tinyint(1) DEFAULT '0',
  `created` datetime DEFAULT NULL,
  PRIMARY KEY (`id`)
) ENGINE=MyISAM AUTO_INCREMENT=107 DEFAULT CHARSET=utf8mb4 COLLATE=utf8mb4_unicode_ci;

/*Data for the table `products` */

insert  into `products`(`id`,`name`,`code`,`order`,`slug`,`image`,`type`,`unit`,`description`,`price`,`quote`,`viewAll`,`useStore`,`is_remove`,`status`,`delete`,`created`) values (1,'Hng tr','','599','hong-tra','',47,'Gram','Hng tr','',NULL,0,'70,72,73,76,74,75',0,1,0,'2021-03-13 17:39:25'),(2,'Lc tr','','598','luc-tra','',47,'Gram','Lc tr','',NULL,0,'70,75,76,74,73,72',0,1,0,'2021-03-13 17:41:19'),(3,'Olong','','597','olong','',47,'Gram','Olong','',NULL,0,'70,75,76,74,73,72',0,1,0,'2021-03-13 17:42:28'),(4,'Thi chanh','','596','thai-chanh','',47,'Bch','','',NULL,0,'70,75,76,74,73,72',0,1,0,'2021-03-13 17:47:18'),(5,'Tr o','','595','tra-dao','',47,'Bch','Tr o','',NULL,0,'70,75,76,74,73,72',0,1,0,'2021-03-13 17:47:31'),(6,'Khoai mn','','594','khoai-mon','',47,'Bch','Khoai mn','',NULL,0,'70,75,76,74,73,72',0,1,0,'2021-03-13 17:47:44'),(7,'HTS','','593','hts','',47,'Bch','HTS','',NULL,0,'70,75,76,74,73,72',0,1,0,'2021-03-13 17:48:03'),(8,'Matcha','','590','matcha','',47,'Bch','Matcha','',NULL,0,'70,72,73,76,74,75',0,1,0,'2021-03-13 17:48:20'),(9,'TSTX','','592','tstx','',47,'Bch','TSTX','',NULL,0,'70,72,73,76,74,75',0,1,0,'2021-03-13 17:48:31'),(10,'TSOL','','589','tsol','',47,'Bch','TSOL','',NULL,0,'70,72,73,76,74,75',0,1,0,'2021-03-13 17:48:42'),(11,'Hokai','','591','hokai','',47,'Bch','Hokai','',NULL,0,'70,72,73,76,74,75',0,1,0,'2021-03-13 17:50:18'),(12,'TSTT','','588','tstt','',47,'Bch','TSTT','',NULL,0,'70,72,73,76,74,75',0,1,0,'2021-03-13 17:50:30'),(13,'en 1','','499','den-1','',48,'Gram','en 1','',NULL,1,'70,72,73,76,74,75',1,1,0,'2021-03-13 17:51:09'),(14,'en 2','','498','den-2','',48,'Gram','en 2','',NULL,1,'70,72,73,76,74,75',1,1,0,'2021-03-13 17:51:22'),(15,'en 3','','497','den-3','',48,'Gram','en 3','',NULL,1,'70,72,73,76,74,75',1,1,0,'2021-03-13 17:51:33'),(16,'Trng 1','','493','trang-1','',48,'Gram','Trng 1','',NULL,1,'70,72,73,76,74,75',1,1,0,'2021-03-13 17:51:44'),(17,'Trng 2','','492','trang-2','',48,'Gram','Trng 2','',NULL,1,'70,72,73,76,74,75',1,1,0,'2021-03-13 17:51:52'),(18,'Trng 3','','491','trang-3','',48,'Gram','Trng 3','',NULL,1,'70,72,73,76,74,75',1,1,0,'2021-03-13 17:52:03'),(19,'TCDD 1','','496','tcdd-1','',48,'Gram','TCDD 1','',NULL,1,'70,72,73,76,74,75',1,1,0,'2021-03-13 17:52:16'),(20,'TCDD 2','','495','tcdd-2','',48,'Gram','TCDD 2','',NULL,1,'70,72,73,76,74,75',1,1,0,'2021-03-13 17:52:28'),(21,'TCDD 3','','494','tcdd-3','',48,'Gram','TCDD 3','',NULL,1,'70,72,73,76,74,75',1,1,0,'2021-03-13 17:52:42'),(22,'Sa Hp','','489','sua-hop','',81,'Hp','Sa ti L','',NULL,0,'70,72,73,76,74,75',0,1,0,'2021-03-13 17:56:42'),(23,'Nc g en','','486','nc-dg-den','',81,'Bch','Nc g en','',NULL,0,'70,72,73,76,74,75',0,1,0,'2021-03-13 17:57:16'),(24,'CaCao','','483','cacao','',81,'Gram','CaCao','',NULL,0,'70,72,73,76,74,75',0,1,0,'2021-03-13 17:57:39'),(25,'Milo gi','','482','milo-goi','',81,'Gi','Milo gi','',NULL,0,'70,72,73,76,74,75',0,1,0,'2021-03-13 17:58:01'),(26,'Sa Lon','','487','sua-lon','',81,'Lon','Sa lon','',NULL,0,'70,72,73,76,74,75',0,1,0,'2021-03-13 17:58:18'),(27,' Mi','','480','da-mi','',81,'Bao',' ts','',NULL,0,'70,72,73,76,74,75',0,1,0,'2021-03-13 17:58:51'),(28,' Bo','','479','da-bao','',81,'Bao',' bo','',NULL,0,'70,72,73,76,74,75',0,1,0,'2021-03-13 17:59:01'),(29,'Pd s','','476','pd-so','',49,'Ci','Pd s','',NULL,0,'70,72,73,76,74,75',0,1,0,'2021-03-13 17:59:14'),(30,'Pd Trng','','475','pd-trung','',49,'Ci','Pd trng','',NULL,0,'70,72,73,76,74,75',0,1,0,'2021-03-13 17:59:24'),(31,'Pd Khoai Mn','','474','pd-khoai-mon','',49,'Ci','Pd khoai mn','',NULL,0,'70,72,73,76,74,75',0,1,0,'2021-03-13 17:59:36'),(32,'Pd Da Li','','473','pd-dua-luoi','',49,'Ci','Pd da li','',NULL,0,'70,72,73,76,74,75',0,1,0,'2021-03-13 17:59:52'),(33,'Pd Du','','472','pd-dau','',49,'Ci','Pd du','',NULL,0,'70,72,73,76,74,75',0,1,0,'2021-03-13 18:00:04'),(34,'o lon','','469','dao-lon','',49,'Lon','o lon','',NULL,0,'70,72,73,76,74,75',0,1,0,'2021-03-13 18:00:22'),(35,'Ht Thy Tinh','','468','hat-thuy-tinh','',49,'Gram','Ht thy tinh','',NULL,0,'70,72,73,76,74,75',0,1,0,'2021-03-13 18:00:37'),(36,'Da Si','','467','dua-soi','',49,'Gram','Da si','',NULL,0,'70,72,73,76,74,75',0,1,0,'2021-03-13 18:00:49'),(37,'3Q Ngc Trai','','466','3q-ngoc-trai','',49,'Gram','3q ngc trai','',NULL,0,'70,72,73,76,74,75',0,1,0,'2021-03-13 18:01:02'),(38,'3Q Caramen','','465','3q-caramen','',49,'Gram','3q caramen','',NULL,0,'70,72,73,76,74,75',0,1,0,'2021-03-13 18:01:30'),(39,'u ','','464','dau-do','',49,'Gram','u ','',NULL,0,'70,72,73,76,74,75',0,1,0,'2021-03-13 18:01:41'),(40,'Nha am','','463','nha-dam','',49,'Gram','Nha dam','',NULL,0,'70,72,73,76,74,75',0,1,0,'2021-03-13 18:01:55'),(41,'Khc Bch M','','461','khuc-bach-m','',49,'Phn','Khc bch','',NULL,0,'70,72,73,76,74,75',0,1,0,'2021-03-13 18:42:12'),(42,'Yaourt','','459','yaourt','',49,'H','Yaourt','',NULL,0,'70,72,73,76,74,75',0,1,0,'2021-03-13 18:42:33'),(43,'7up','','481','7up','',81,'Chai','Yaourt','',NULL,0,'70,72,73,76,74,75',0,1,0,'2021-03-13 18:42:45'),(44,'Mt Du ST','','419','mut-dau-st','',50,'H','Mt Du ST','',NULL,0,'70,75,76,74,73,72',0,1,0,'2021-03-13 18:43:15'),(45,'Mt Du Yaourt','','419','mut-dau-yaourt','',50,'H','Mt Du Yaourt','',NULL,0,'70,75,76,74,73,72',0,1,0,'2021-03-13 18:43:40'),(46,'Mt CN','','419','mut-cnd','',50,'H','Mt CN','',NULL,0,'70,75,76,74,73,72',0,1,0,'2021-03-13 18:43:47'),(47,'Mt Xoi Da','','419','mut-xoai-dua','',50,'H','Mt Xoi Da','',NULL,0,'70,75,76,74,73,72',0,1,0,'2021-03-13 18:43:56'),(48,'Mt Vit Qut','','419','mut-viet-quat','',50,'H','Mt Vit Qut','',NULL,0,'70,75,76,74,73,72',0,1,0,'2021-03-13 18:44:02'),(49,'Mt PBT','','419','mut-pbt','',50,'H','Mt PBT','',NULL,0,'70,75,76,74,73,72',0,1,0,'2021-03-13 18:44:21'),(50,'Siro v cam','','419','siro-vo-cam','',50,'Bnh','Siro v cam','',NULL,0,'70,75,76,74,73,72',0,1,0,'2021-03-13 18:44:35'),(51,'Siro o','','419','siro-dao','',50,'Bnh','Siro o','',NULL,0,'70,75,76,74,73,72',0,1,0,'2021-03-13 18:44:45'),(52,'Siro Ht d','','419','siro-hat-de','',50,'Bnh','Siro Ht d','',NULL,0,'70,75,76,74,73,72',0,1,0,'2021-03-13 18:44:53'),(53,'Siro Kiwi','','419','siro-kiwi','',50,'Bnh','Siro Kiwi','',NULL,0,'70,75,76,74,73,72',0,1,0,'2021-03-13 18:45:02'),(54,'Siro PBT','','419','siro-pbt','',50,'Bnh','Siro PBT','',NULL,0,'70,75,76,74,73,72',0,1,0,'2021-03-13 18:45:17'),(55,'Siro Da Li','','419','siro-dua-luoi','',50,'Bnh','Siro Da Li','',NULL,0,'70,75,76,74,73,72',0,1,0,'2021-03-13 18:45:24'),(56,'Siro Sm Da','','419','siro-sam-dua','',50,'Bnh','Siro Sm Da','',NULL,0,'70,75,76,74,73,72',0,1,0,'2021-03-13 18:45:34'),(57,'Siro Chanh','','416','siro-chanh','',50,'Bnh','Siro Chanh','',NULL,0,'70,75,76,74,73,72',0,1,0,'2021-03-13 18:46:21'),(58,'Siro Chanh Dy','','416','siro-chanh-day','',50,'Bnh','Siro Chanh Dy','',NULL,0,'70,75,76,74,73,72',0,1,0,'2021-03-13 18:46:30'),(59,'Siro To','','416','siro-tao','',50,'Bnh','Siro To','',NULL,0,'70,75,76,74,73,72',0,1,0,'2021-03-13 18:46:44'),(60,'Siro VANI','','416','siro-vani','',50,'Bnh','Siro VANI','',NULL,0,'70,75,76,74,73,72',0,1,0,'2021-03-13 18:46:58'),(61,'Siro Vi','','416','siro-vai','',50,'Bnh','Siro Vi','',NULL,0,'70,75,76,74,73,72',0,1,0,'2021-03-13 18:47:13'),(62,'Siro Xoi','','416','siro-xoai','',50,'Bnh','Siro Xoi','',NULL,0,'70,75,76,74,73,72',0,1,0,'2021-03-13 18:47:29'),(63,'Siro Vit Qut','','416','siro-viet-quat','',50,'Bnh','Siro Vit Qut','',NULL,0,'70,75,76,74,73,72',0,1,0,'2021-03-13 18:47:39'),(64,'Siro i','','416','siro-oi','',50,'Bnh','Siro i','',NULL,0,'70,75,76,74,73,72',0,1,0,'2021-03-13 18:47:51'),(65,'Siro Nho','','416','siro-nho','',50,'Bnh','Siro Nho','',NULL,0,'70,75,76,74,73,72',0,1,0,'2021-03-13 18:59:45'),(66,'Siro Du','','416','siro-dau','',50,'Bnh','Siro Du','',NULL,0,'70,75,76,74,73,72',0,1,0,'2021-03-13 18:59:56'),(67,'Siro Caramen','','416','siro-caramen','',50,'Bnh','Siro Caramen','',NULL,0,'70,75,76,74,73,72',0,1,0,'2021-03-13 19:00:02'),(68,'Siro Bc h','','416','siro-bac-ha','',50,'Bnh','Siro Bc h','',NULL,0,'70,75,76,74,73,72',0,1,0,'2021-03-13 19:00:10'),(69,'Mung','','455','muong','',82,'Bch','Mung','',NULL,0,'70,72,73,76,74,75',0,1,0,'2021-03-13 19:00:34'),(70,'B 1 ly','','454','bi-1-ly','',82,'Kg','B 1 ly','',NULL,0,'70,72,73,76,74,75',0,1,0,'2021-03-13 19:00:50'),(71,'B 2 ly','','453','bi-2-ly','',82,'Kg','B 2 ly','',NULL,0,'70,72,73,76,74,75',0,1,0,'2021-03-13 19:00:56'),(72,'B 3 ly','','453','bi-3-ly','',82,'Kg','B 3 ly','',NULL,0,'70,72,73,76,74,75',0,1,0,'2021-03-13 19:01:04'),(73,'ng Ht Ln','','451','ong-hut-lon','',82,'Bch','ng ht ln','',NULL,0,'70,72,73,76,74,75',0,1,0,'2021-03-13 19:01:20'),(74,'ng Ht Nh','','450','ong-hut-nho','',82,'Bch','ng ht nh','',NULL,0,'70,72,73,76,74,75',0,1,0,'2021-03-13 19:01:32'),(75,'M Mm','','449','m-mem','',82,'Ly','M mm','',NULL,0,'70,72,73,76,74,75',0,1,0,'2021-03-13 19:01:48'),(76,'L mm','','448','l-mem','',82,'Ly','L mm','',NULL,0,'70,72,73,76,74,75',0,1,0,'2021-03-13 19:02:04'),(77,'M Chu','','447','m-chau','',82,'Ly','M chu','',NULL,0,'70,72,73,76,74,75',0,1,0,'2021-03-13 19:02:15'),(78,'L Chu','','446','l-chau','',82,'Ly','L chu','',NULL,0,'70,72,73,76,74,75',0,1,0,'2021-03-13 19:02:28'),(79,'M Cng','','445','m-cung','',82,'Ly','M cng','',NULL,0,'70,72,73,76,74,75',0,1,0,'2021-03-13 19:02:37'),(80,'L Cng','','444','l-cung','',82,'Ly','L cng','',NULL,0,'70,72,73,76,74,75',0,1,0,'2021-03-13 19:02:45'),(81,'XL','','443','xl','',82,'Ci','XL','',NULL,0,'70,72,73,76,74,75',0,1,0,'2021-03-13 19:02:55'),(82,'Np XL','','442','nap-xl','',82,'Ci','Np XL','',NULL,0,'70,72,73,76,74,75',0,1,0,'2021-03-13 19:03:13'),(83,'Np Ly Kem','','441','nap-ly-kem','',82,'Ci','Np ly kem','',NULL,0,'70,72,73,76,74,75',0,1,0,'2021-03-13 19:03:23'),(84,'Np Cu','','440','nap-cau','',82,'Ci','Np cu','',NULL,0,'70,72,73,76,74,75',0,1,0,'2021-03-13 19:03:32'),(85,'Np Cp in','','439','nap-cup-dien','',82,'Ci','Np cp in','',NULL,0,'70,72,73,76,74,75',0,1,0,'2021-03-13 19:04:26'),(86,'In Bill','','457','in-bill','',82,'Cun','In bill','',NULL,0,'70,72,73,76,74,75',0,1,0,'2021-03-13 19:04:43'),(87,'in Sticker','','456','in-sticker','',82,'Cun','Ticker','',NULL,0,'70,72,73,76,74,75',0,1,0,'2021-03-13 19:04:52'),(88,'Cun Dp Ly M, L','','438','cuon-dap-ly-m-l','',82,'Cun','Cun dp ly M, L','',NULL,0,'70,72,73,76,74,75',0,1,0,'2021-03-13 19:05:18'),(89,'Cun Dp Ly XL','','437','cuon-dap-ly-xl','',82,'Cun','Cun dp ly XL','',NULL,0,'70,72,73,76,74,75',0,1,0,'2021-03-13 19:05:33'),(90,'Bao Tay Nilong','','436','bao-tay-nilong','',85,'Ci','Bao tay nilong','',NULL,0,'70,72,73,76,74,75',0,1,0,'2021-03-13 19:05:41'),(91,'Vim','','400','vim','',51,'Chai','Vim','',NULL,0,'70,75,76,74,73,72',0,1,0,'2021-03-13 19:05:49'),(92,'Xt phng','','400','xit-phong','',51,'Chai','Xt phng','',NULL,0,'70,75,76,74,73,72',0,1,0,'2021-03-13 19:06:01'),(93,'Xt knh','','400','xit-kinh','',51,'Chai','Xt knh','',NULL,0,'70,75,76,74,73,72',0,1,0,'2021-03-13 19:06:08'),(94,'Cafe','','490','cafe','',81,'Gram','','',NULL,0,'70,72,73,76,74,75',0,1,0,'2021-03-24 22:55:24'),(95,'Sa Bch','','488','sua-bich','',81,'Bch','','',NULL,0,'70,72,73,76,74,75',0,1,0,'2021-03-24 22:57:32'),(96,'Nc g Trng','','485','nc-dg-trang','',81,'Gram','','',NULL,0,'70,72,73,76,74,75',0,1,0,'2021-03-24 23:01:16'),(97,'Chanh Tri','','484','chanh-trai','',81,'Gram','','',NULL,0,'70,72,73,76,74,75',0,1,0,'2021-03-24 23:02:29'),(99,'Socola Chai','','481','socola-chai','',81,'Chai','','',NULL,0,'70,72,73,76,74,75',0,1,0,'2021-03-24 23:10:43'),(100,'Macchiato','','478','macchiato','',49,'Gram','','',NULL,0,'70,72,73,76,74,75',0,1,0,'2021-03-24 23:15:50'),(101,'CreamChesse','','477','creamchesse','',49,'Gram','','',NULL,0,'70,72,73,76,74,75',0,1,0,'2021-03-24 23:16:43'),(102,'T Fomai','','471','t-fomai','',49,'Bch','','',NULL,0,'70,72,73,76,74,75',0,1,0,'2021-03-24 23:22:42'),(103,'TTC','','470','ttc','',49,'Bch','','',NULL,0,'70,72,73,76,74,75',0,1,0,'2021-03-24 23:39:20'),(104,'Sng So','','462','suong-sao','',49,'Gram','','',NULL,0,'70,72,73,76,74,75',0,1,0,'2021-03-24 23:46:06'),(105,'Khc Bch S','','460','khuc-bach-s','',49,'Phn','','',NULL,0,'70,72,73,76,74,75',0,1,0,'2021-03-24 23:50:40'),(106,'B XL','','452','bi-xl','',82,'Gram','','',NULL,0,'0,0,70,72,73,76,74,75',0,1,0,'2021-04-16 13:37:48');

/*Table structure for table `quote` */

DROP TABLE IF EXISTS `quote`;

CREATE TABLE `quote` (
  `id` bigint(10) NOT NULL AUTO_INCREMENT,
  `productId` bigint(10) DEFAULT NULL,
  `storeId` bigint(10) DEFAULT NULL,
  `value` decimal(10,0) DEFAULT NULL,
  `valueMin` decimal(10,0) DEFAULT '0',
  `status` tinyint(10) DEFAULT '1',
  `delete` tinyint(10) DEFAULT '0',
  `created` datetime DEFAULT NULL,
  `updated` datetime DEFAULT NULL,
  PRIMARY KEY (`id`)
) ENGINE=MyISAM AUTO_INCREMENT=1054 DEFAULT CHARSET=utf8mb4 COLLATE=utf8mb4_unicode_ci;

/*Data for the table `quote` */

insert  into `quote`(`id`,`productId`,`storeId`,`value`,`valueMin`,`status`,`delete`,`created`,`updated`) values (1,1,70,'0','0',1,0,'2021-03-13 17:39:25','2021-04-17 13:16:14'),(2,2,70,'0','0',1,0,'2021-03-13 17:41:19','2021-03-15 00:33:56'),(3,3,70,'0','0',1,0,'2021-03-13 17:42:28','2021-03-15 00:33:56'),(4,4,70,'5','0',1,0,'2021-03-13 17:47:18','2021-03-15 00:33:56'),(5,5,70,'10','0',1,0,'2021-03-13 17:47:31','2021-03-15 00:33:56'),(6,6,70,'5','0',1,0,'2021-03-13 17:47:44','2021-03-15 00:33:56'),(7,7,70,'5','0',1,0,'2021-03-13 17:48:03','2021-03-15 00:33:56'),(8,8,70,'5','0',1,0,'2021-03-13 17:48:20','2021-03-24 22:15:35'),(9,9,70,'5','0',1,0,'2021-03-13 17:48:31','2021-03-24 22:19:35'),(10,10,70,'5','0',1,0,'2021-03-13 17:48:42','2021-03-24 22:17:06'),(11,11,70,'5','0',1,0,'2021-03-13 17:50:18','2021-03-24 22:17:51'),(12,12,70,'20','0',1,0,'2021-03-13 17:50:30','2021-03-24 22:18:51'),(13,13,70,'0','0',1,0,'2021-03-13 17:51:09','2021-04-17 13:15:09'),(14,14,70,'0','0',1,0,'2021-03-13 17:51:22','2021-04-17 13:15:30'),(15,15,70,'0','0',1,0,'2021-03-13 17:51:33','2021-04-17 13:15:34'),(16,16,70,'0','0',1,0,'2021-03-13 17:51:44','2021-04-17 13:15:50'),(17,17,70,'0','0',1,0,'2021-03-13 17:51:52','2021-04-17 13:15:53'),(18,18,70,'0','0',1,0,'2021-03-13 17:52:03','2021-04-17 13:15:57'),(19,19,70,'0','0',1,0,'2021-03-13 17:52:16','2021-04-17 13:15:38'),(20,20,70,'0','0',1,0,'2021-03-13 17:52:28','2021-04-17 13:15:42'),(21,21,70,'0','0',1,0,'2021-03-13 17:52:42','2021-04-17 13:15:46'),(22,22,70,'0','0',1,0,'2021-03-13 17:56:42','2021-03-24 22:56:11'),(23,23,70,'0','0',1,0,'2021-03-13 17:57:16','2021-03-24 23:00:06'),(24,24,70,'0','0',1,0,'2021-03-13 17:57:39','2021-03-24 23:08:00'),(25,25,70,'0','0',1,0,'2021-03-13 17:58:01','2021-03-24 23:09:07'),(26,26,70,'0','0',1,0,'2021-03-13 17:58:18','2021-03-24 22:59:06'),(27,27,70,'0','0',1,0,'2021-03-13 17:58:51','2021-03-24 23:13:17'),(28,28,70,'0','0',1,0,'2021-03-13 17:59:01','2021-03-24 23:14:32'),(29,29,70,'0','0',1,0,'2021-03-13 17:59:14','2021-03-24 23:18:00'),(30,30,70,'0','0',1,0,'2021-03-13 17:59:24','2021-03-24 23:18:46'),(31,31,70,'0','0',1,0,'2021-03-13 17:59:36','2021-03-24 23:19:19'),(32,32,70,'0','0',1,0,'2021-03-13 17:59:52','2021-03-24 23:19:52'),(33,33,70,'0','0',1,0,'2021-03-13 18:00:04','2021-03-24 23:20:26'),(34,34,70,'0','0',1,0,'2021-03-13 18:00:22','2021-03-24 23:40:14'),(35,35,70,'0','0',1,0,'2021-03-13 18:00:37','2021-03-24 23:40:46'),(36,36,70,'0','0',1,0,'2021-03-13 18:00:49','2021-03-24 23:41:42'),(37,37,70,'0','0',1,0,'2021-03-13 18:01:02','2021-03-24 23:43:11'),(38,38,70,'0','0',1,0,'2021-03-13 18:01:30','2021-03-24 23:43:20'),(39,39,70,'0','0',1,0,'2021-03-13 18:01:41','2021-03-24 23:43:55'),(40,40,70,'0','0',1,0,'2021-03-13 18:01:55','2021-03-24 23:44:21'),(41,41,70,'0','0',1,0,'2021-03-13 18:42:12','2021-03-24 23:49:12'),(42,42,70,'0','0',1,0,'2021-03-13 18:42:33','2021-03-24 23:51:31'),(43,43,70,'0','0',1,0,'2021-03-13 18:42:45','2021-03-24 23:53:42'),(44,44,70,'0','0',1,0,'2021-03-13 18:43:15','2021-03-15 00:33:56'),(45,45,70,'0','0',1,0,'2021-03-13 18:43:40','2021-03-15 00:33:56'),(46,46,70,'0','0',1,0,'2021-03-13 18:43:47','2021-03-15 00:33:56'),(47,47,70,'0','0',1,0,'2021-03-13 18:43:56','2021-03-15 00:33:56'),(48,48,70,'0','0',1,0,'2021-03-13 18:44:02','2021-03-15 00:33:56'),(49,49,70,'0','0',1,0,'2021-03-13 18:44:21','2021-03-15 00:33:56'),(50,50,70,'0','0',1,0,'2021-03-13 18:44:35','2021-03-15 00:33:56'),(51,51,70,'0','0',1,0,'2021-03-13 18:44:45','2021-03-15 00:33:56'),(52,52,70,'0','0',1,0,'2021-03-13 18:44:53','2021-03-15 00:33:56'),(53,53,70,'0','0',1,0,'2021-03-13 18:45:02','2021-03-15 00:33:56'),(54,54,70,'0','0',1,0,'2021-03-13 18:45:17','2021-03-15 00:33:56'),(55,55,70,'0','0',1,0,'2021-03-13 18:45:24','2021-03-15 00:33:56'),(56,56,70,'0','0',1,0,'2021-03-13 18:45:34','2021-03-15 00:33:56'),(57,57,70,'0','0',1,0,'2021-03-13 18:46:21','2021-03-15 00:33:56'),(58,58,70,'0','0',1,0,'2021-03-13 18:46:30','2021-03-15 00:33:56'),(59,59,70,'0','0',1,0,'2021-03-13 18:46:44','2021-03-15 00:33:56'),(60,60,70,'0','0',1,0,'2021-03-13 18:46:58','2021-03-15 00:33:56'),(61,61,70,'0','0',1,0,'2021-03-13 18:47:13','2021-03-15 00:33:56'),(62,62,70,'0','0',1,0,'2021-03-13 18:47:29','2021-03-15 00:33:56'),(63,63,70,'0','0',1,0,'2021-03-13 18:47:39','2021-03-15 00:33:56'),(64,64,70,'0','0',1,0,'2021-03-13 18:47:51','2021-03-15 00:33:56'),(65,65,70,'0','0',1,0,'2021-03-13 18:59:45','2021-03-15 00:33:56'),(66,66,70,'0','0',1,0,'2021-03-13 18:59:56','2021-03-15 00:33:56'),(67,67,70,'0','0',1,0,'2021-03-13 19:00:02','2021-03-15 00:33:56'),(68,68,70,'0','0',1,0,'2021-03-13 19:00:10','2021-03-15 00:33:56'),(69,69,70,'0','0',1,0,'2021-03-13 19:00:34','2021-04-14 15:51:05'),(70,70,70,'0','0',1,0,'2021-03-13 19:00:50','2021-04-14 15:51:46'),(71,71,70,'0','0',1,0,'2021-03-13 19:00:56','2021-04-14 15:51:51'),(72,72,70,'0','0',1,0,'2021-03-13 19:01:04','2021-04-16 13:38:58'),(73,73,70,'0','0',1,0,'2021-03-13 19:01:20','2021-04-16 13:39:13'),(74,74,70,'0','0',1,0,'2021-03-13 19:01:32','2021-04-16 13:41:18'),(75,75,70,'0','0',1,0,'2021-03-13 19:01:48','2021-04-16 13:42:02'),(76,76,70,'0','0',1,0,'2021-03-13 19:02:04','2021-04-16 13:42:11'),(77,77,70,'0','0',1,0,'2021-03-13 19:02:15','2021-04-16 13:42:19'),(78,78,70,'0','0',1,0,'2021-03-13 19:02:28','2021-04-16 13:43:00'),(79,79,70,'0','0',1,0,'2021-03-13 19:02:37','2021-04-16 13:43:06'),(80,80,70,'0','0',1,0,'2021-03-13 19:02:45','2021-04-16 13:43:13'),(81,81,70,'0','0',1,0,'2021-03-13 19:02:55','2021-04-16 13:43:19'),(82,82,70,'0','0',1,0,'2021-03-13 19:03:13','2021-04-16 13:43:24'),(83,83,70,'0','0',1,0,'2021-03-13 19:03:23','2021-04-16 13:43:29'),(84,84,70,'0','0',1,0,'2021-03-13 19:03:32','2021-04-16 13:43:38'),(85,85,70,'0','0',1,0,'2021-03-13 19:04:26','2021-04-16 13:44:00'),(86,86,70,'0','0',1,0,'2021-03-13 19:04:43','2021-04-14 15:49:35'),(87,87,70,'0','0',1,0,'2021-03-13 19:04:52','2021-04-14 15:50:53'),(88,88,70,'0','0',1,0,'2021-03-13 19:05:18','2021-03-25 00:33:08'),(89,89,70,'0','0',1,0,'2021-03-13 19:05:33','2021-03-25 00:33:47'),(90,90,70,'0','0',1,0,'2021-03-13 19:05:41','2021-03-25 00:35:50'),(91,91,70,'0','0',1,0,'2021-03-13 19:05:49','2021-03-15 00:33:56'),(92,92,70,'0','0',1,0,'2021-03-13 19:06:01','2021-03-15 00:33:56'),(93,93,70,'0','0',1,0,'2021-03-13 19:06:08','2021-03-15 00:33:56'),(94,1,72,'0','0',1,0,'2021-03-14 00:22:20','2021-04-17 13:16:14'),(95,2,72,'0','0',1,0,'2021-03-14 00:22:20','2021-03-14 21:57:08'),(96,3,72,'0','0',1,0,'2021-03-14 00:22:20','2021-03-14 21:57:08'),(97,4,72,'3','0',1,0,'2021-03-14 00:22:20','2021-03-14 21:57:08'),(98,5,72,'6','0',1,0,'2021-03-14 00:22:20','2021-03-14 21:57:08'),(99,6,72,'4','0',1,0,'2021-03-14 00:22:20','2021-03-14 21:57:08'),(100,7,72,'3','0',1,0,'2021-03-14 00:22:20','2021-03-14 21:57:08'),(101,8,72,'4','0',1,0,'2021-03-14 00:22:20','2021-03-24 22:15:35'),(102,9,72,'4','0',1,0,'2021-03-14 00:22:20','2021-03-24 22:19:35'),(103,10,72,'3','0',1,0,'2021-03-14 00:22:20','2021-03-24 22:17:06'),(104,11,72,'3','0',1,0,'2021-03-14 00:22:20','2021-03-24 22:17:51'),(105,12,72,'15','0',1,0,'2021-03-14 00:22:20','2021-03-24 22:18:51'),(106,13,72,'0','0',1,0,'2021-03-14 00:22:20','2021-04-17 13:15:09'),(107,14,72,'0','0',1,0,'2021-03-14 00:22:20','2021-04-17 13:15:30'),(108,15,72,'0','0',1,0,'2021-03-14 00:22:20','2021-04-17 13:15:34'),(109,16,72,'0','0',1,0,'2021-03-14 00:22:20','2021-04-17 13:15:50'),(110,17,72,'0','0',1,0,'2021-03-14 00:22:20','2021-04-17 13:15:53'),(111,18,72,'0','0',1,0,'2021-03-14 00:22:20','2021-04-17 13:15:57'),(112,19,72,'0','0',1,0,'2021-03-14 00:22:20','2021-04-17 13:15:38'),(113,20,72,'0','0',1,0,'2021-03-14 00:22:20','2021-04-17 13:15:42'),(114,21,72,'0','0',1,0,'2021-03-14 00:22:20','2021-04-17 13:15:46'),(115,22,72,'0','0',1,0,'2021-03-14 00:22:20','2021-03-24 22:56:11'),(116,23,72,'0','0',1,0,'2021-03-14 00:22:20','2021-03-24 23:00:06'),(117,24,72,'1000','0',1,0,'2021-03-14 00:22:20','2021-03-24 23:08:00'),(118,25,72,'60','0',1,0,'2021-03-14 00:22:20','2021-03-24 23:09:07'),(119,26,72,'0','0',1,0,'2021-03-14 00:22:20','2021-03-24 22:59:06'),(120,27,72,'0','0',1,0,'2021-03-14 00:22:20','2021-03-24 23:13:17'),(121,28,72,'0','0',1,0,'2021-03-14 00:22:20','2021-03-24 23:14:32'),(122,29,72,'18','0',1,0,'2021-03-14 00:22:20','2021-03-24 23:18:00'),(123,30,72,'60','0',1,0,'2021-03-14 00:22:20','2021-03-24 23:18:46'),(124,31,72,'6','0',1,0,'2021-03-14 00:22:20','2021-03-24 23:19:19'),(125,32,72,'6','0',1,0,'2021-03-14 00:22:20','2021-03-24 23:19:52'),(126,33,72,'6','0',1,0,'2021-03-14 00:22:20','2021-03-24 23:20:26'),(127,34,72,'2','0',1,0,'2021-03-14 00:22:20','2021-03-24 23:40:14'),(128,35,72,'0','0',1,0,'2021-03-14 00:22:20','2021-03-24 23:40:46'),(129,36,72,'0','0',1,0,'2021-03-14 00:22:20','2021-03-24 23:41:42'),(130,37,72,'0','0',1,0,'2021-03-14 00:22:20','2021-03-24 23:43:11'),(131,38,72,'0','0',1,0,'2021-03-14 00:22:20','2021-03-24 23:43:20'),(132,39,72,'0','0',1,0,'2021-03-14 00:22:20','2021-03-24 23:43:55'),(133,40,72,'0','0',1,0,'2021-03-14 00:22:20','2021-03-24 23:44:21'),(134,41,72,'10','0',1,0,'2021-03-14 00:22:20','2021-03-24 23:49:12'),(135,42,72,'12','0',1,0,'2021-03-14 00:22:20','2021-03-24 23:51:31'),(136,43,72,'2','0',1,0,'2021-03-14 00:22:20','2021-03-24 23:53:42'),(137,44,72,'0','0',1,0,'2021-03-14 00:22:20','2021-03-14 21:57:08'),(138,45,72,'0','0',1,0,'2021-03-14 00:22:20','2021-03-14 21:57:08'),(139,46,72,'0','0',1,0,'2021-03-14 00:22:20','2021-03-14 21:57:08'),(140,47,72,'0','0',1,0,'2021-03-14 00:22:20','2021-03-14 21:57:08'),(141,48,72,'0','0',1,0,'2021-03-14 00:22:20','2021-03-14 21:57:08'),(142,49,72,'0','0',1,0,'2021-03-14 00:22:20','2021-03-14 21:57:08'),(143,50,72,'0','0',1,0,'2021-03-14 00:22:20','2021-03-14 21:57:08'),(144,51,72,'0','0',1,0,'2021-03-14 00:22:20','2021-03-14 21:57:08'),(145,52,72,'0','0',1,0,'2021-03-14 00:22:20','2021-03-14 21:57:08'),(146,53,72,'0','0',1,0,'2021-03-14 00:22:20','2021-03-14 21:57:08'),(147,54,72,'0','0',1,0,'2021-03-14 00:22:20','2021-03-14 21:57:08'),(148,55,72,'0','0',1,0,'2021-03-14 00:22:20','2021-03-14 21:57:08'),(149,56,72,'0','0',1,0,'2021-03-14 00:22:20','2021-03-14 21:57:08'),(150,57,72,'0','0',1,0,'2021-03-14 00:22:20','2021-03-14 21:57:08'),(151,58,72,'0','0',1,0,'2021-03-14 00:22:20','2021-03-14 21:57:08'),(152,59,72,'0','0',1,0,'2021-03-14 00:22:20','2021-03-14 21:57:08'),(153,60,72,'0','0',1,0,'2021-03-14 00:22:20','2021-03-14 21:57:08'),(154,61,72,'0','0',1,0,'2021-03-14 00:22:20','2021-03-14 21:57:08'),(155,62,72,'0','0',1,0,'2021-03-14 00:22:20','2021-03-14 21:57:08'),(156,63,72,'0','0',1,0,'2021-03-14 00:22:20','2021-03-14 21:57:08'),(157,64,72,'0','0',1,0,'2021-03-14 00:22:20','2021-03-14 21:57:08'),(158,65,72,'0','0',1,0,'2021-03-14 00:22:20','2021-03-14 21:57:08'),(159,66,72,'0','0',1,0,'2021-03-14 00:22:20','2021-03-14 21:57:08'),(160,67,72,'0','0',1,0,'2021-03-14 00:22:20','2021-03-14 21:57:08'),(161,68,72,'0','0',1,0,'2021-03-14 00:22:20','2021-03-14 21:57:08'),(162,69,72,'20','0',1,0,'2021-03-14 00:22:20','2021-04-14 15:51:05'),(163,70,72,'10','0',1,0,'2021-03-14 00:22:20','2021-04-14 15:51:46'),(164,71,72,'10','0',1,0,'2021-03-14 00:22:20','2021-04-14 15:51:51'),(165,72,72,'10','0',1,0,'2021-03-14 00:22:20','2021-04-16 13:38:58'),(166,73,72,'10','0',1,0,'2021-03-14 00:22:20','2021-04-16 13:39:13'),(167,74,72,'2','0',1,0,'2021-03-14 00:22:20','2021-04-16 13:41:18'),(168,75,72,'0','0',1,0,'2021-03-14 00:22:20','2021-04-16 13:42:02'),(169,76,72,'0','0',1,0,'2021-03-14 00:22:20','2021-04-16 13:42:11'),(170,77,72,'0','0',1,0,'2021-03-14 00:22:20','2021-04-16 13:42:19'),(171,78,72,'0','0',1,0,'2021-03-14 00:22:20','2021-04-16 13:43:00'),(172,79,72,'0','0',1,0,'2021-03-14 00:22:20','2021-04-16 13:43:06'),(173,80,72,'0','0',1,0,'2021-03-14 00:22:20','2021-04-16 13:43:13'),(174,81,72,'0','0',1,0,'2021-03-14 00:22:20','2021-04-16 13:43:19'),(175,82,72,'0','0',1,0,'2021-03-14 00:22:20','2021-04-16 13:43:24'),(176,83,72,'0','0',1,0,'2021-03-14 00:22:20','2021-04-16 13:43:29'),(177,84,72,'0','0',1,0,'2021-03-14 00:22:20','2021-04-16 13:43:38'),(178,85,72,'0','0',1,0,'2021-03-14 00:22:20','2021-04-16 13:44:00'),(179,86,72,'5','0',1,0,'2021-03-14 00:22:20','2021-04-14 15:49:35'),(180,87,72,'5','0',1,0,'2021-03-14 00:22:20','2021-04-14 15:50:53'),(181,88,72,'2','0',1,0,'2021-03-14 00:22:20','2021-03-25 00:33:08'),(182,89,72,'1','0',1,0,'2021-03-14 00:22:20','2021-03-25 00:33:47'),(183,90,72,'15','0',1,0,'2021-03-14 00:22:20','2021-03-25 00:35:50'),(184,91,72,'0','0',1,0,'2021-03-14 00:22:20','2021-03-14 21:57:08'),(185,92,72,'0','0',1,0,'2021-03-14 00:22:20','2021-03-14 21:57:08'),(186,93,72,'0','0',1,0,'2021-03-14 00:22:20','2021-03-14 21:57:08'),(187,1,73,'0','0',1,0,'2021-03-14 00:41:44','2021-04-17 13:16:14'),(188,2,73,'0','0',1,0,'2021-03-14 00:41:44','2021-03-14 22:52:41'),(189,3,73,'0','0',1,0,'2021-03-14 00:41:44','2021-03-14 22:52:41'),(190,4,73,'3','0',1,0,'2021-03-14 00:41:44','2021-03-14 22:52:41'),(191,5,73,'6','0',1,0,'2021-03-14 00:41:44','2021-03-14 22:52:41'),(192,6,73,'5','0',1,0,'2021-03-14 00:41:44','2021-03-14 22:52:41'),(193,7,73,'4','0',1,0,'2021-03-14 00:41:44','2021-03-14 22:52:41'),(194,8,73,'5','0',1,0,'2021-03-14 00:41:44','2021-03-24 22:15:35'),(195,9,73,'5','0',1,0,'2021-03-14 00:41:44','2021-03-24 22:19:35'),(196,10,73,'3','0',1,0,'2021-03-14 00:41:44','2021-03-24 22:17:06'),(197,11,73,'4','0',1,0,'2021-03-14 00:41:44','2021-03-24 22:17:51'),(198,12,73,'17','0',1,0,'2021-03-14 00:41:44','2021-03-24 22:18:51'),(199,13,73,'0','0',1,0,'2021-03-14 00:41:44','2021-04-17 13:15:09'),(200,14,73,'0','0',1,0,'2021-03-14 00:41:44','2021-04-17 13:15:30'),(201,15,73,'0','0',1,0,'2021-03-14 00:41:44','2021-04-17 13:15:34'),(202,16,73,'0','0',1,0,'2021-03-14 00:41:44','2021-04-17 13:15:50'),(203,17,73,'0','0',1,0,'2021-03-14 00:41:44','2021-04-17 13:15:53'),(204,18,73,'0','0',1,0,'2021-03-14 00:41:44','2021-04-17 13:15:57'),(205,19,73,'0','0',1,0,'2021-03-14 00:41:44','2021-04-17 13:15:38'),(206,20,73,'0','0',1,0,'2021-03-14 00:41:44','2021-04-17 13:15:42'),(207,21,73,'0','0',1,0,'2021-03-14 00:41:44','2021-04-17 13:15:46'),(208,22,73,'0','0',1,0,'2021-03-14 00:41:44','2021-03-24 22:56:11'),(209,23,73,'0','0',1,0,'2021-03-14 00:41:44','2021-03-24 23:00:06'),(210,24,73,'1000','0',1,0,'2021-03-14 00:41:44','2021-03-24 23:08:00'),(211,25,73,'100','0',1,0,'2021-03-14 00:41:44','2021-03-24 23:09:07'),(212,26,73,'0','0',1,0,'2021-03-14 00:41:44','2021-03-24 22:59:06'),(213,27,73,'0','0',1,0,'2021-03-14 00:41:44','2021-03-24 23:13:17'),(214,28,73,'0','0',1,0,'2021-03-14 00:41:44','2021-03-24 23:14:32'),(215,29,73,'18','0',1,0,'2021-03-14 00:41:44','2021-03-24 23:18:00'),(216,30,73,'102','0',1,0,'2021-03-14 00:41:44','2021-03-24 23:18:46'),(217,31,73,'6','0',1,0,'2021-03-14 00:41:44','2021-03-24 23:19:19'),(218,32,73,'6','0',1,0,'2021-03-14 00:41:44','2021-03-24 23:19:52'),(219,33,73,'6','0',1,0,'2021-03-14 00:41:44','2021-03-24 23:20:26'),(220,34,73,'2','0',1,0,'2021-03-14 00:41:44','2021-03-24 23:40:14'),(221,35,73,'0','0',1,0,'2021-03-14 00:41:44','2021-03-24 23:40:46'),(222,36,73,'0','0',1,0,'2021-03-14 00:41:44','2021-03-24 23:41:42'),(223,37,73,'0','0',1,0,'2021-03-14 00:41:44','2021-03-24 23:43:11'),(224,38,73,'0','0',1,0,'2021-03-14 00:41:44','2021-03-24 23:43:20'),(225,39,73,'0','0',1,0,'2021-03-14 00:41:44','2021-03-24 23:43:55'),(226,40,73,'0','0',1,0,'2021-03-14 00:41:44','2021-03-24 23:44:21'),(227,41,73,'10','0',1,0,'2021-03-14 00:41:44','2021-03-24 23:49:12'),(228,42,73,'12','0',1,0,'2021-03-14 00:41:44','2021-03-24 23:51:31'),(229,43,73,'2','0',1,0,'2021-03-14 00:41:44','2021-03-24 23:53:42'),(230,44,73,'0','0',1,0,'2021-03-14 00:41:44','2021-03-14 22:52:41'),(231,45,73,'0','0',1,0,'2021-03-14 00:41:44','2021-03-14 22:52:41'),(232,46,73,'0','0',1,0,'2021-03-14 00:41:44','2021-03-14 22:52:41'),(233,47,73,'0','0',1,0,'2021-03-14 00:41:44','2021-03-14 22:52:41'),(234,48,73,'0','0',1,0,'2021-03-14 00:41:44','2021-03-14 22:52:41'),(235,49,73,'0','0',1,0,'2021-03-14 00:41:44','2021-03-14 22:52:41'),(236,50,73,'0','0',1,0,'2021-03-14 00:41:44','2021-03-14 22:52:41'),(237,51,73,'0','0',1,0,'2021-03-14 00:41:44','2021-03-14 22:52:41'),(238,52,73,'0','0',1,0,'2021-03-14 00:41:44','2021-03-14 22:52:41'),(239,53,73,'0','0',1,0,'2021-03-14 00:41:44','2021-03-14 22:52:41'),(240,54,73,'0','0',1,0,'2021-03-14 00:41:44','2021-03-14 22:52:41'),(241,55,73,'0','0',1,0,'2021-03-14 00:41:44','2021-03-14 22:52:41'),(242,56,73,'0','0',1,0,'2021-03-14 00:41:44','2021-03-14 22:52:41'),(243,57,73,'0','0',1,0,'2021-03-14 00:41:44','2021-03-14 22:52:41'),(244,58,73,'0','0',1,0,'2021-03-14 00:41:44','2021-03-14 22:52:41'),(245,59,73,'0','0',1,0,'2021-03-14 00:41:44','2021-03-14 22:52:41'),(246,60,73,'0','0',1,0,'2021-03-14 00:41:44','2021-03-14 22:52:41'),(247,61,73,'0','0',1,0,'2021-03-14 00:41:44','2021-03-14 22:52:41'),(248,62,73,'0','0',1,0,'2021-03-14 00:41:44','2021-03-14 22:52:41'),(249,63,73,'0','0',1,0,'2021-03-14 00:41:44','2021-03-14 22:52:41'),(250,64,73,'0','0',1,0,'2021-03-14 00:41:44','2021-03-14 22:52:41'),(251,65,73,'0','0',1,0,'2021-03-14 00:41:44','2021-03-14 22:52:41'),(252,66,73,'0','0',1,0,'2021-03-14 00:41:44','2021-03-14 22:52:41'),(253,67,73,'0','0',1,0,'2021-03-14 00:41:44','2021-03-14 22:52:41'),(254,68,73,'0','0',1,0,'2021-03-14 00:41:44','2021-03-14 22:52:41'),(255,69,73,'50','0',1,0,'2021-03-14 00:41:44','2021-04-14 15:51:05'),(256,70,73,'10','0',1,0,'2021-03-14 00:41:44','2021-04-14 15:51:46'),(257,71,73,'10','0',1,0,'2021-03-14 00:41:44','2021-04-14 15:51:51'),(258,72,73,'10','0',1,0,'2021-03-14 00:41:44','2021-04-16 13:38:58'),(259,73,73,'0','0',1,0,'2021-03-14 00:41:44','2021-04-16 13:39:13'),(260,74,73,'2','0',1,0,'2021-03-14 00:41:44','2021-04-16 13:41:18'),(261,75,73,'0','0',1,0,'2021-03-14 00:41:44','2021-04-16 13:42:02'),(262,76,73,'0','0',1,0,'2021-03-14 00:41:44','2021-04-16 13:42:11'),(263,77,73,'0','0',1,0,'2021-03-14 00:41:44','2021-04-16 13:42:19'),(264,78,73,'0','0',1,0,'2021-03-14 00:41:44','2021-04-16 13:43:00'),(265,79,73,'0','0',1,0,'2021-03-14 00:41:44','2021-04-16 13:43:06'),(266,80,73,'0','0',1,0,'2021-03-14 00:41:44','2021-04-16 13:43:13'),(267,81,73,'0','0',1,0,'2021-03-14 00:41:44','2021-04-16 13:43:19'),(268,82,73,'0','0',1,0,'2021-03-14 00:41:44','2021-04-16 13:43:24'),(269,83,73,'0','0',1,0,'2021-03-14 00:41:44','2021-04-16 13:43:29'),(270,84,73,'0','0',1,0,'2021-03-14 00:41:44','2021-04-16 13:43:38'),(271,85,73,'0','0',1,0,'2021-03-14 00:41:44','2021-04-16 13:44:00'),(272,86,73,'5','0',1,0,'2021-03-14 00:41:44','2021-04-14 15:49:35'),(273,87,73,'5','0',1,0,'2021-03-14 00:41:44','2021-04-14 15:50:53'),(274,88,73,'0','0',1,0,'2021-03-14 00:41:44','2021-03-25 00:33:08'),(275,89,73,'1','0',1,0,'2021-03-14 00:41:44','2021-03-25 00:33:47'),(276,90,73,'15','0',1,0,'2021-03-14 00:41:44','2021-03-25 00:35:50'),(277,91,73,'0','0',1,0,'2021-03-14 00:41:44','2021-03-14 22:52:41'),(278,92,73,'0','0',1,0,'2021-03-14 00:41:44','2021-03-14 22:52:41'),(279,93,73,'0','0',1,0,'2021-03-14 00:41:44','2021-03-14 22:52:41'),(280,1,74,'0','0',1,0,'2021-03-14 00:42:05','2021-04-17 13:16:14'),(281,2,74,'0','0',1,0,'2021-03-14 00:42:05','2021-03-14 22:55:22'),(282,3,74,'0','0',1,0,'2021-03-14 00:42:05','2021-03-14 22:55:22'),(283,4,74,'3','0',1,0,'2021-03-14 00:42:05','2021-03-14 22:55:22'),(284,5,74,'5','0',1,0,'2021-03-14 00:42:05','2021-03-14 22:55:22'),(285,6,74,'4','0',1,0,'2021-03-14 00:42:05','2021-03-14 22:55:22'),(286,7,74,'3','0',1,0,'2021-03-14 00:42:05','2021-03-14 22:55:22'),(287,8,74,'4','0',1,0,'2021-03-14 00:42:05','2021-03-24 22:15:35'),(288,9,74,'4','0',1,0,'2021-03-14 00:42:05','2021-03-24 22:19:35'),(289,10,74,'3','0',1,0,'2021-03-14 00:42:05','2021-03-24 22:17:06'),(290,11,74,'3','0',1,0,'2021-03-14 00:42:05','2021-03-24 22:17:51'),(291,12,74,'9','0',1,0,'2021-03-14 00:42:05','2021-03-24 22:18:51'),(292,13,74,'0','0',1,0,'2021-03-14 00:42:05','2021-04-17 13:15:09'),(293,14,74,'0','0',1,0,'2021-03-14 00:42:05','2021-04-17 13:15:30'),(294,15,74,'0','0',1,0,'2021-03-14 00:42:05','2021-04-17 13:15:34'),(295,16,74,'0','0',1,0,'2021-03-14 00:42:05','2021-04-17 13:15:50'),(296,17,74,'0','0',1,0,'2021-03-14 00:42:05','2021-04-17 13:15:53'),(297,18,74,'0','0',1,0,'2021-03-14 00:42:05','2021-04-17 13:15:57'),(298,19,74,'0','0',1,0,'2021-03-14 00:42:05','2021-04-17 13:15:38'),(299,20,74,'0','0',1,0,'2021-03-14 00:42:05','2021-04-17 13:15:42'),(300,21,74,'0','0',1,0,'2021-03-14 00:42:05','2021-04-17 13:15:46'),(301,22,74,'0','0',1,0,'2021-03-14 00:42:05','2021-03-24 22:56:11'),(302,23,74,'0','0',1,0,'2021-03-14 00:42:05','2021-03-24 23:00:06'),(303,24,74,'500','0',1,0,'2021-03-14 00:42:05','2021-03-24 23:08:00'),(304,25,74,'30','0',1,0,'2021-03-14 00:42:05','2021-03-24 23:09:07'),(305,26,74,'0','0',1,0,'2021-03-14 00:42:05','2021-03-24 22:59:06'),(306,27,74,'0','0',1,0,'2021-03-14 00:42:05','2021-03-24 23:13:17'),(307,28,74,'0','0',1,0,'2021-03-14 00:42:05','2021-03-24 23:14:32'),(308,29,74,'6','0',1,0,'2021-03-14 00:42:05','2021-03-24 23:18:00'),(309,30,74,'30','0',1,0,'2021-03-14 00:42:05','2021-03-24 23:18:46'),(310,31,74,'6','0',1,0,'2021-03-14 00:42:05','2021-03-24 23:19:19'),(311,32,74,'6','0',1,0,'2021-03-14 00:42:05','2021-03-24 23:19:52'),(312,33,74,'3','0',1,0,'2021-03-14 00:42:05','2021-03-24 23:20:26'),(313,34,74,'2','0',1,0,'2021-03-14 00:42:05','2021-03-24 23:40:14'),(314,35,74,'0','0',1,0,'2021-03-14 00:42:05','2021-03-24 23:40:46'),(315,36,74,'0','0',1,0,'2021-03-14 00:42:05','2021-03-24 23:41:42'),(316,37,74,'0','0',1,0,'2021-03-14 00:42:05','2021-03-24 23:43:11'),(317,38,74,'0','0',1,0,'2021-03-14 00:42:05','2021-03-24 23:43:20'),(318,39,74,'0','0',1,0,'2021-03-14 00:42:05','2021-03-24 23:43:55'),(319,40,74,'0','0',1,0,'2021-03-14 00:42:05','2021-03-24 23:44:21'),(320,41,74,'5','0',1,0,'2021-03-14 00:42:05','2021-03-24 23:49:12'),(321,42,74,'4','0',1,0,'2021-03-14 00:42:05','2021-03-24 23:51:31'),(322,43,74,'2','0',1,0,'2021-03-14 00:42:05','2021-03-24 23:53:42'),(323,44,74,'0','0',1,0,'2021-03-14 00:42:05','2021-03-14 22:55:22'),(324,45,74,'0','0',1,0,'2021-03-14 00:42:05','2021-03-14 22:55:22'),(325,46,74,'0','0',1,0,'2021-03-14 00:42:05','2021-03-14 22:55:22'),(326,47,74,'0','0',1,0,'2021-03-14 00:42:05','2021-03-14 22:55:22'),(327,48,74,'0','0',1,0,'2021-03-14 00:42:05','2021-03-14 22:55:22'),(328,49,74,'0','0',1,0,'2021-03-14 00:42:05','2021-03-14 22:55:22'),(329,50,74,'0','0',1,0,'2021-03-14 00:42:05','2021-03-14 22:55:22'),(330,51,74,'0','0',1,0,'2021-03-14 00:42:05','2021-03-14 22:55:22'),(331,52,74,'0','0',1,0,'2021-03-14 00:42:05','2021-03-14 22:55:22'),(332,53,74,'0','0',1,0,'2021-03-14 00:42:05','2021-03-14 22:55:22'),(333,54,74,'0','0',1,0,'2021-03-14 00:42:05','2021-03-14 22:55:22'),(334,55,74,'0','0',1,0,'2021-03-14 00:42:05','2021-03-14 22:55:22'),(335,56,74,'0','0',1,0,'2021-03-14 00:42:05','2021-03-14 22:55:22'),(336,57,74,'0','0',1,0,'2021-03-14 00:42:05','2021-03-14 22:55:22'),(337,58,74,'0','0',1,0,'2021-03-14 00:42:05','2021-03-14 22:55:22'),(338,59,74,'0','0',1,0,'2021-03-14 00:42:05','2021-03-14 22:55:22'),(339,60,74,'0','0',1,0,'2021-03-14 00:42:05','2021-03-14 22:55:22'),(340,61,74,'0','0',1,0,'2021-03-14 00:42:05','2021-03-14 22:55:22'),(341,62,74,'0','0',1,0,'2021-03-14 00:42:05','2021-03-14 22:55:22'),(342,63,74,'0','0',1,0,'2021-03-14 00:42:05','2021-03-14 22:55:22'),(343,64,74,'0','0',1,0,'2021-03-14 00:42:05','2021-03-14 22:55:22'),(344,65,74,'0','0',1,0,'2021-03-14 00:42:05','2021-03-14 22:55:22'),(345,66,74,'0','0',1,0,'2021-03-14 00:42:05','2021-03-14 22:55:22'),(346,67,74,'0','0',1,0,'2021-03-14 00:42:05','2021-03-14 22:55:22'),(347,68,74,'0','0',1,0,'2021-03-14 00:42:05','2021-03-14 22:55:22'),(348,69,74,'15','0',1,0,'2021-03-14 00:42:05','2021-04-14 15:51:05'),(349,70,74,'10','0',1,0,'2021-03-14 00:42:05','2021-04-14 15:51:46'),(350,71,74,'10','0',1,0,'2021-03-14 00:42:05','2021-04-14 15:51:51'),(351,72,74,'10','0',1,0,'2021-03-14 00:42:05','2021-04-16 13:38:58'),(352,73,74,'10','0',1,0,'2021-03-14 00:42:05','2021-04-16 13:39:13'),(353,74,74,'2','0',1,0,'2021-03-14 00:42:05','2021-04-16 13:41:18'),(354,75,74,'0','0',1,0,'2021-03-14 00:42:05','2021-04-16 13:42:02'),(355,76,74,'0','0',1,0,'2021-03-14 00:42:05','2021-04-16 13:42:11'),(356,77,74,'0','0',1,0,'2021-03-14 00:42:05','2021-04-16 13:42:19'),(357,78,74,'0','0',1,0,'2021-03-14 00:42:05','2021-04-16 13:43:00'),(358,79,74,'0','0',1,0,'2021-03-14 00:42:05','2021-04-16 13:43:06'),(359,80,74,'0','0',1,0,'2021-03-14 00:42:05','2021-04-16 13:43:13'),(360,81,74,'0','0',1,0,'2021-03-14 00:42:05','2021-04-16 13:43:19'),(361,82,74,'0','0',1,0,'2021-03-14 00:42:05','2021-04-16 13:43:24'),(362,83,74,'0','0',1,0,'2021-03-14 00:42:05','2021-04-16 13:43:29'),(363,84,74,'0','0',1,0,'2021-03-14 00:42:05','2021-04-16 13:43:39'),(364,85,74,'0','0',1,0,'2021-03-14 00:42:05','2021-04-16 13:44:00'),(365,86,74,'5','0',1,0,'2021-03-14 00:42:05','2021-04-14 15:49:35'),(366,87,74,'5','0',1,0,'2021-03-14 00:42:05','2021-04-14 15:50:53'),(367,88,74,'2','0',1,0,'2021-03-14 00:42:05','2021-03-25 00:33:08'),(368,89,74,'1','0',1,0,'2021-03-14 00:42:05','2021-03-25 00:33:47'),(369,90,74,'15','0',1,0,'2021-03-14 00:42:05','2021-03-25 00:35:50'),(370,91,74,'0','0',1,0,'2021-03-14 00:42:05','2021-03-14 22:55:22'),(371,92,74,'0','0',1,0,'2021-03-14 00:42:05','2021-03-14 22:55:22'),(372,93,74,'0','0',1,0,'2021-03-14 00:42:05','2021-03-14 22:55:22'),(373,1,75,'0','0',1,0,'2021-03-14 00:42:43','2021-04-17 13:16:14'),(374,2,75,'0','0',1,0,'2021-03-14 00:42:43','2021-03-14 22:56:31'),(375,3,75,'0','0',1,0,'2021-03-14 00:42:43','2021-03-14 22:56:31'),(376,4,75,'3','0',1,0,'2021-03-14 00:42:43','2021-03-14 22:56:31'),(377,5,75,'5','0',1,0,'2021-03-14 00:42:43','2021-03-14 22:56:31'),(378,6,75,'4','0',1,0,'2021-03-14 00:42:43','2021-03-14 22:56:31'),(379,7,75,'3','0',1,0,'2021-03-14 00:42:43','2021-03-14 22:56:31'),(380,8,75,'4','0',1,0,'2021-03-14 00:42:43','2021-03-24 22:15:35'),(381,9,75,'4','0',1,0,'2021-03-14 00:42:43','2021-03-24 22:19:35'),(382,10,75,'4','0',1,0,'2021-03-14 00:42:43','2021-03-24 22:17:06'),(383,11,75,'3','0',1,0,'2021-03-14 00:42:43','2021-03-24 22:17:51'),(384,12,75,'12','0',1,0,'2021-03-14 00:42:43','2021-03-24 22:18:51'),(385,13,75,'0','0',1,0,'2021-03-14 00:42:43','2021-04-17 13:15:09'),(386,14,75,'0','0',1,0,'2021-03-14 00:42:43','2021-04-17 13:15:30'),(387,15,75,'0','0',1,0,'2021-03-14 00:42:43','2021-04-17 13:15:34'),(388,16,75,'0','0',1,0,'2021-03-14 00:42:43','2021-04-17 13:15:50'),(389,17,75,'0','0',1,0,'2021-03-14 00:42:43','2021-04-17 13:15:53'),(390,18,75,'0','0',1,0,'2021-03-14 00:42:43','2021-04-17 13:15:57'),(391,19,75,'0','0',1,0,'2021-03-14 00:42:43','2021-04-17 13:15:38'),(392,20,75,'0','0',1,0,'2021-03-14 00:42:43','2021-04-17 13:15:42'),(393,21,75,'0','0',1,0,'2021-03-14 00:42:43','2021-04-17 13:15:46'),(394,22,75,'0','0',1,0,'2021-03-14 00:42:43','2021-03-24 22:56:11'),(395,23,75,'0','0',1,0,'2021-03-14 00:42:43','2021-03-24 23:00:06'),(396,24,75,'600','0',1,0,'2021-03-14 00:42:43','2021-03-24 23:08:00'),(397,25,75,'40','0',1,0,'2021-03-14 00:42:43','2021-03-24 23:09:07'),(398,26,75,'0','0',1,0,'2021-03-14 00:42:43','2021-03-24 22:59:06'),(399,27,75,'0','0',1,0,'2021-03-14 00:42:43','2021-03-24 23:13:17'),(400,28,75,'0','0',1,0,'2021-03-14 00:42:43','2021-03-24 23:14:32'),(401,29,75,'6','0',1,0,'2021-03-14 00:42:43','2021-03-24 23:18:00'),(402,30,75,'42','0',1,0,'2021-03-14 00:42:43','2021-03-24 23:18:46'),(403,31,75,'6','0',1,0,'2021-03-14 00:42:43','2021-03-24 23:19:19'),(404,32,75,'6','0',1,0,'2021-03-14 00:42:43','2021-03-24 23:19:52'),(405,33,75,'3','0',1,0,'2021-03-14 00:42:43','2021-03-24 23:20:26'),(406,34,75,'2','0',1,0,'2021-03-14 00:42:43','2021-03-24 23:40:14'),(407,35,75,'0','0',1,0,'2021-03-14 00:42:43','2021-03-24 23:40:46'),(408,36,75,'0','0',1,0,'2021-03-14 00:42:43','2021-03-24 23:41:42'),(409,37,75,'0','0',1,0,'2021-03-14 00:42:43','2021-03-24 23:43:11'),(410,38,75,'0','0',1,0,'2021-03-14 00:42:43','2021-03-24 23:43:20'),(411,39,75,'0','0',1,0,'2021-03-14 00:42:43','2021-03-24 23:43:55'),(412,40,75,'0','0',1,0,'2021-03-14 00:42:43','2021-03-24 23:44:21'),(413,41,75,'10','0',1,0,'2021-03-14 00:42:43','2021-03-24 23:49:12'),(414,42,75,'4','0',1,0,'2021-03-14 00:42:43','2021-03-24 23:51:31'),(415,43,75,'2','0',1,0,'2021-03-14 00:42:43','2021-03-24 23:53:42'),(416,44,75,'0','0',1,0,'2021-03-14 00:42:43','2021-03-14 22:56:31'),(417,45,75,'0','0',1,0,'2021-03-14 00:42:43','2021-03-14 22:56:31'),(418,46,75,'0','0',1,0,'2021-03-14 00:42:43','2021-03-14 22:56:31'),(419,47,75,'0','0',1,0,'2021-03-14 00:42:43','2021-03-14 22:56:31'),(420,48,75,'0','0',1,0,'2021-03-14 00:42:43','2021-03-14 22:56:31'),(421,49,75,'0','0',1,0,'2021-03-14 00:42:43','2021-03-14 22:56:31'),(422,50,75,'0','0',1,0,'2021-03-14 00:42:43','2021-03-14 22:56:31'),(423,51,75,'0','0',1,0,'2021-03-14 00:42:43','2021-03-14 22:56:31'),(424,52,75,'0','0',1,0,'2021-03-14 00:42:43','2021-03-14 22:56:31'),(425,53,75,'0','0',1,0,'2021-03-14 00:42:43','2021-03-14 22:56:31'),(426,54,75,'0','0',1,0,'2021-03-14 00:42:43','2021-03-14 22:56:31'),(427,55,75,'0','0',1,0,'2021-03-14 00:42:43','2021-03-14 22:56:31'),(428,56,75,'0','0',1,0,'2021-03-14 00:42:43','2021-03-14 22:56:31'),(429,57,75,'0','0',1,0,'2021-03-14 00:42:43','2021-03-14 22:56:31'),(430,58,75,'0','0',1,0,'2021-03-14 00:42:43','2021-03-14 22:56:31'),(431,59,75,'0','0',1,0,'2021-03-14 00:42:43','2021-03-14 22:56:31'),(432,60,75,'0','0',1,0,'2021-03-14 00:42:43','2021-03-14 22:56:31'),(433,61,75,'0','0',1,0,'2021-03-14 00:42:43','2021-03-14 22:56:31'),(434,62,75,'0','0',1,0,'2021-03-14 00:42:43','2021-03-14 22:56:31'),(435,63,75,'0','0',1,0,'2021-03-14 00:42:43','2021-03-14 22:56:31'),(436,64,75,'0','0',1,0,'2021-03-14 00:42:43','2021-03-14 22:56:31'),(437,65,75,'0','0',1,0,'2021-03-14 00:42:43','2021-03-14 22:56:31'),(438,66,75,'0','0',1,0,'2021-03-14 00:42:43','2021-03-14 22:56:31'),(439,67,75,'0','0',1,0,'2021-03-14 00:42:43','2021-03-14 22:56:31'),(440,68,75,'0','0',1,0,'2021-03-14 00:42:43','2021-03-14 22:56:31'),(441,69,75,'50','0',1,0,'2021-03-14 00:42:43','2021-04-14 15:51:05'),(442,70,75,'10','0',1,0,'2021-03-14 00:42:43','2021-04-14 15:51:46'),(443,71,75,'10','0',1,0,'2021-03-14 00:42:43','2021-04-14 15:51:51'),(444,72,75,'10','0',1,0,'2021-03-14 00:42:43','2021-04-16 13:38:58'),(445,73,75,'0','0',1,0,'2021-03-14 00:42:43','2021-04-16 13:39:13'),(446,74,75,'2','0',1,0,'2021-03-14 00:42:43','2021-04-16 13:41:18'),(447,75,75,'0','0',1,0,'2021-03-14 00:42:43','2021-04-16 13:42:02'),(448,76,75,'0','0',1,0,'2021-03-14 00:42:43','2021-04-16 13:42:11'),(449,77,75,'0','0',1,0,'2021-03-14 00:42:43','2021-04-16 13:42:19'),(450,78,75,'0','0',1,0,'2021-03-14 00:42:43','2021-04-16 13:43:00'),(451,79,75,'0','0',1,0,'2021-03-14 00:42:43','2021-04-16 13:43:06'),(452,80,75,'0','0',1,0,'2021-03-14 00:42:43','2021-04-16 13:43:13'),(453,81,75,'0','0',1,0,'2021-03-14 00:42:43','2021-04-16 13:43:19'),(454,82,75,'0','0',1,0,'2021-03-14 00:42:43','2021-04-16 13:43:24'),(455,83,75,'0','0',1,0,'2021-03-14 00:42:43','2021-04-16 13:43:29'),(456,84,75,'0','0',1,0,'2021-03-14 00:42:43','2021-04-16 13:43:39'),(457,85,75,'0','0',1,0,'2021-03-14 00:42:43','2021-04-16 13:44:00'),(458,86,75,'5','0',1,0,'2021-03-14 00:42:43','2021-04-14 15:49:35'),(459,87,75,'5','0',1,0,'2021-03-14 00:42:43','2021-04-14 15:50:53'),(460,88,75,'0','0',1,0,'2021-03-14 00:42:43','2021-03-25 00:33:08'),(461,89,75,'1','0',1,0,'2021-03-14 00:42:43','2021-03-25 00:33:47'),(462,90,75,'15','0',1,0,'2021-03-14 00:42:43','2021-03-25 00:35:50'),(463,91,75,'0','0',1,0,'2021-03-14 00:42:43','2021-03-14 22:56:31'),(464,92,75,'0','0',1,0,'2021-03-14 00:42:43','2021-03-14 22:56:31'),(465,93,75,'0','0',1,0,'2021-03-14 00:42:43','2021-03-14 22:56:31'),(466,1,76,'0','0',1,0,'2021-03-14 00:43:19','2021-04-17 13:16:14'),(467,2,76,'0','0',1,0,'2021-03-14 00:43:19','2021-03-14 22:54:18'),(468,3,76,'0','0',1,0,'2021-03-14 00:43:19','2021-03-14 22:54:18'),(469,4,76,'3','0',1,0,'2021-03-14 00:43:19','2021-03-14 22:54:18'),(470,5,76,'5','0',1,0,'2021-03-14 00:43:19','2021-03-14 22:54:18'),(471,6,76,'5','0',1,0,'2021-03-14 00:43:19','2021-03-14 22:54:18'),(472,7,76,'3','0',1,0,'2021-03-14 00:43:19','2021-03-14 22:54:18'),(473,8,76,'5','0',1,0,'2021-03-14 00:43:19','2021-03-24 22:15:35'),(474,9,76,'4','0',1,0,'2021-03-14 00:43:19','2021-03-24 22:19:35'),(475,10,76,'3','0',1,0,'2021-03-14 00:43:19','2021-03-24 22:17:06'),(476,11,76,'3','0',1,0,'2021-03-14 00:43:19','2021-03-24 22:17:51'),(477,12,76,'18','0',1,0,'2021-03-14 00:43:19','2021-03-24 22:18:51'),(478,13,76,'0','0',1,0,'2021-03-14 00:43:19','2021-04-17 13:15:09'),(479,14,76,'0','0',1,0,'2021-03-14 00:43:19','2021-04-17 13:15:30'),(480,15,76,'0','0',1,0,'2021-03-14 00:43:19','2021-04-17 13:15:34'),(481,16,76,'0','0',1,0,'2021-03-14 00:43:19','2021-04-17 13:15:50'),(482,17,76,'0','0',1,0,'2021-03-14 00:43:19','2021-04-17 13:15:53'),(483,18,76,'0','0',1,0,'2021-03-14 00:43:19','2021-04-17 13:15:57'),(484,19,76,'0','0',1,0,'2021-03-14 00:43:19','2021-04-17 13:15:38'),(485,20,76,'0','0',1,0,'2021-03-14 00:43:19','2021-04-17 13:15:42'),(486,21,76,'0','0',1,0,'2021-03-14 00:43:19','2021-04-17 13:15:46'),(487,22,76,'0','0',1,0,'2021-03-14 00:43:19','2021-03-24 22:56:11'),(488,23,76,'0','0',1,0,'2021-03-14 00:43:19','2021-03-24 23:00:06'),(489,24,76,'1000','0',1,0,'2021-03-14 00:43:19','2021-03-24 23:08:00'),(490,25,76,'60','0',1,0,'2021-03-14 00:43:19','2021-03-24 23:09:07'),(491,26,76,'0','0',1,0,'2021-03-14 00:43:19','2021-03-24 22:59:06'),(492,27,76,'0','0',1,0,'2021-03-14 00:43:19','2021-03-24 23:13:17'),(493,28,76,'0','0',1,0,'2021-03-14 00:43:19','2021-03-24 23:14:32'),(494,29,76,'12','0',1,0,'2021-03-14 00:43:19','2021-03-24 23:18:00'),(495,30,76,'60','0',1,0,'2021-03-14 00:43:19','2021-03-24 23:18:46'),(496,31,76,'6','0',1,0,'2021-03-14 00:43:19','2021-03-24 23:19:19'),(497,32,76,'6','0',1,0,'2021-03-14 00:43:19','2021-03-24 23:19:52'),(498,33,76,'6','0',1,0,'2021-03-14 00:43:19','2021-03-24 23:20:26'),(499,34,76,'2','0',1,0,'2021-03-14 00:43:19','2021-03-24 23:40:14'),(500,35,76,'0','0',1,0,'2021-03-14 00:43:19','2021-03-24 23:40:46'),(501,36,76,'0','0',1,0,'2021-03-14 00:43:19','2021-03-24 23:41:42'),(502,37,76,'0','0',1,0,'2021-03-14 00:43:19','2021-03-24 23:43:11'),(503,38,76,'0','0',1,0,'2021-03-14 00:43:19','2021-03-24 23:43:20'),(504,39,76,'0','0',1,0,'2021-03-14 00:43:19','2021-03-24 23:43:55'),(505,40,76,'0','0',1,0,'2021-03-14 00:43:19','2021-03-24 23:44:21'),(506,41,76,'10','0',1,0,'2021-03-14 00:43:19','2021-03-24 23:49:12'),(507,42,76,'8','0',1,0,'2021-03-14 00:43:19','2021-03-24 23:51:31'),(508,43,76,'2','0',1,0,'2021-03-14 00:43:19','2021-03-24 23:53:42'),(509,44,76,'0','0',1,0,'2021-03-14 00:43:19','2021-03-14 22:54:18'),(510,45,76,'0','0',1,0,'2021-03-14 00:43:19','2021-03-14 22:54:18'),(511,46,76,'0','0',1,0,'2021-03-14 00:43:19','2021-03-14 22:54:18'),(512,47,76,'0','0',1,0,'2021-03-14 00:43:19','2021-03-14 22:54:18'),(513,48,76,'0','0',1,0,'2021-03-14 00:43:19','2021-03-14 22:54:18'),(514,49,76,'0','0',1,0,'2021-03-14 00:43:19','2021-03-14 22:54:18'),(515,50,76,'0','0',1,0,'2021-03-14 00:43:19','2021-03-14 22:54:18'),(516,51,76,'0','0',1,0,'2021-03-14 00:43:19','2021-03-14 22:54:18'),(517,52,76,'0','0',1,0,'2021-03-14 00:43:19','2021-03-14 22:54:18'),(518,53,76,'0','0',1,0,'2021-03-14 00:43:19','2021-03-14 22:54:18'),(519,54,76,'0','0',1,0,'2021-03-14 00:43:19','2021-03-14 22:54:18'),(520,55,76,'0','0',1,0,'2021-03-14 00:43:19','2021-03-14 22:54:18'),(521,56,76,'0','0',1,0,'2021-03-14 00:43:19','2021-03-14 22:54:18'),(522,57,76,'0','0',1,0,'2021-03-14 00:43:19','2021-03-14 22:54:18'),(523,58,76,'0','0',1,0,'2021-03-14 00:43:19','2021-03-14 22:54:18'),(524,59,76,'0','0',1,0,'2021-03-14 00:43:19','2021-03-14 22:54:18'),(525,60,76,'0','0',1,0,'2021-03-14 00:43:19','2021-03-14 22:54:18'),(526,61,76,'0','0',1,0,'2021-03-14 00:43:19','2021-03-14 22:54:18'),(527,62,76,'0','0',1,0,'2021-03-14 00:43:19','2021-03-14 22:54:18'),(528,63,76,'0','0',1,0,'2021-03-14 00:43:19','2021-03-14 22:54:18'),(529,64,76,'0','0',1,0,'2021-03-14 00:43:19','2021-03-14 22:54:18'),(530,65,76,'0','0',1,0,'2021-03-14 00:43:19','2021-03-14 22:54:18'),(531,66,76,'0','0',1,0,'2021-03-14 00:43:19','2021-03-14 22:54:18'),(532,67,76,'0','0',1,0,'2021-03-14 00:43:19','2021-03-14 22:54:18'),(533,68,76,'0','0',1,0,'2021-03-14 00:43:19','2021-03-14 22:54:18'),(534,69,76,'50','0',1,0,'2021-03-14 00:43:19','2021-04-14 15:51:05'),(535,70,76,'10','0',1,0,'2021-03-14 00:43:19','2021-04-14 15:51:46'),(536,71,76,'10','0',1,0,'2021-03-14 00:43:19','2021-04-14 15:51:51'),(537,72,76,'10','0',1,0,'2021-03-14 00:43:19','2021-04-16 13:38:58'),(538,73,76,'0','0',1,0,'2021-03-14 00:43:19','2021-04-16 13:39:13'),(539,74,76,'2','0',1,0,'2021-03-14 00:43:19','2021-04-16 13:41:18'),(540,75,76,'0','0',1,0,'2021-03-14 00:43:19','2021-04-16 13:42:02'),(541,76,76,'0','0',1,0,'2021-03-14 00:43:19','2021-04-16 13:42:11'),(542,77,76,'0','0',1,0,'2021-03-14 00:43:19','2021-04-16 13:42:19'),(543,78,76,'0','0',1,0,'2021-03-14 00:43:19','2021-04-16 13:43:00'),(544,79,76,'0','0',1,0,'2021-03-14 00:43:19','2021-04-16 13:43:06'),(545,80,76,'0','0',1,0,'2021-03-14 00:43:19','2021-04-16 13:43:13'),(546,81,76,'0','0',1,0,'2021-03-14 00:43:19','2021-04-16 13:43:19'),(547,82,76,'0','0',1,0,'2021-03-14 00:43:19','2021-04-16 13:43:24'),(548,83,76,'0','0',1,0,'2021-03-14 00:43:19','2021-04-16 13:43:29'),(549,84,76,'0','0',1,0,'2021-03-14 00:43:19','2021-04-16 13:43:39'),(550,85,76,'0','0',1,0,'2021-03-14 00:43:19','2021-04-16 13:44:00'),(551,86,76,'5','0',1,0,'2021-03-14 00:43:19','2021-04-14 15:49:35'),(552,87,76,'5','0',1,0,'2021-03-14 00:43:19','2021-04-14 15:50:53'),(553,88,76,'0','0',1,0,'2021-03-14 00:43:19','2021-03-25 00:33:08'),(554,89,76,'1','0',1,0,'2021-03-14 00:43:19','2021-03-25 00:33:47'),(555,90,76,'15','0',1,0,'2021-03-14 00:43:19','2021-03-25 00:35:50'),(556,91,76,'0','0',1,0,'2021-03-14 00:43:19','2021-03-14 22:54:18'),(557,92,76,'0','0',1,0,'2021-03-14 00:43:19','2021-03-14 22:54:18'),(558,93,76,'0','0',1,0,'2021-03-14 00:43:19','2021-03-14 22:54:18'),(559,94,70,'0','0',1,0,'2021-03-24 22:55:24',NULL),(560,94,72,'0','0',1,0,'2021-03-24 22:55:24',NULL),(561,94,73,'0','0',1,0,'2021-03-24 22:55:24',NULL),(562,94,76,'0','0',1,0,'2021-03-24 22:55:24',NULL),(563,94,74,'0','0',1,0,'2021-03-24 22:55:24',NULL),(564,94,75,'0','0',1,0,'2021-03-24 22:55:24',NULL),(565,95,70,'0','0',1,0,'2021-03-24 22:57:32',NULL),(566,95,72,'0','0',1,0,'2021-03-24 22:57:32',NULL),(567,95,73,'0','0',1,0,'2021-03-24 22:57:32',NULL),(568,95,76,'0','0',1,0,'2021-03-24 22:57:32',NULL),(569,95,74,'0','0',1,0,'2021-03-24 22:57:32',NULL),(570,95,75,'0','0',1,0,'2021-03-24 22:57:32',NULL),(571,96,70,'0','0',1,0,'2021-03-24 23:01:16',NULL),(572,96,72,'0','0',1,0,'2021-03-24 23:01:16',NULL),(573,96,73,'0','0',1,0,'2021-03-24 23:01:16',NULL),(574,96,76,'0','0',1,0,'2021-03-24 23:01:16',NULL),(575,96,74,'0','0',1,0,'2021-03-24 23:01:16',NULL),(576,96,75,'0','0',1,0,'2021-03-24 23:01:16',NULL),(577,97,70,'0','0',1,0,'2021-03-24 23:02:29',NULL),(578,97,72,'0','0',1,0,'2021-03-24 23:02:29',NULL),(579,97,73,'0','0',1,0,'2021-03-24 23:02:29',NULL),(580,97,76,'0','0',1,0,'2021-03-24 23:02:29',NULL),(581,97,74,'0','0',1,0,'2021-03-24 23:02:29',NULL),(582,97,75,'0','0',1,0,'2021-03-24 23:02:29',NULL),(583,98,70,'0','0',1,0,'2021-03-24 23:10:24',NULL),(584,98,72,'0','0',1,0,'2021-03-24 23:10:24',NULL),(585,98,73,'0','0',1,0,'2021-03-24 23:10:24',NULL),(586,98,76,'0','0',1,0,'2021-03-24 23:10:24',NULL),(587,98,74,'0','0',1,0,'2021-03-24 23:10:24',NULL),(588,98,75,'0','0',1,0,'2021-03-24 23:10:24',NULL),(589,99,70,'0','0',1,0,'2021-03-24 23:10:43',NULL),(590,99,72,'3','0',1,0,'2021-03-24 23:10:43',NULL),(591,99,73,'3','0',1,0,'2021-03-24 23:10:43',NULL),(592,99,76,'3','0',1,0,'2021-03-24 23:10:43',NULL),(593,99,74,'2','0',1,0,'2021-03-24 23:10:43',NULL),(594,99,75,'2','0',1,0,'2021-03-24 23:10:43',NULL),(595,100,70,'0','0',1,0,'2021-03-24 23:15:50',NULL),(596,100,72,'0','0',1,0,'2021-03-24 23:15:50',NULL),(597,100,73,'0','0',1,0,'2021-03-24 23:15:50',NULL),(598,100,76,'0','0',1,0,'2021-03-24 23:15:50',NULL),(599,100,74,'0','0',1,0,'2021-03-24 23:15:50',NULL),(600,100,75,'0','0',1,0,'2021-03-24 23:15:50',NULL),(601,101,70,'0','0',1,0,'2021-03-24 23:16:43',NULL),(602,101,72,'0','0',1,0,'2021-03-24 23:16:43',NULL),(603,101,73,'0','0',1,0,'2021-03-24 23:16:43',NULL),(604,101,76,'0','0',1,0,'2021-03-24 23:16:43',NULL),(605,101,74,'0','0',1,0,'2021-03-24 23:16:43',NULL),(606,101,75,'0','0',1,0,'2021-03-24 23:16:43',NULL),(607,102,70,'0','0',1,0,'2021-03-24 23:22:42','2021-03-24 23:27:39'),(608,102,72,'3','0',1,0,'2021-03-24 23:22:42','2021-03-24 23:27:39'),(609,102,73,'3','0',1,0,'2021-03-24 23:22:42','2021-03-24 23:27:39'),(610,102,76,'3','0',1,0,'2021-03-24 23:22:42','2021-03-24 23:27:39'),(611,102,74,'2','0',1,0,'2021-03-24 23:22:42','2021-03-24 23:27:39'),(612,102,75,'2','0',1,0,'2021-03-24 23:22:42','2021-03-24 23:27:39'),(613,103,70,'0','0',1,0,'2021-03-24 23:39:20','2021-03-24 23:39:35'),(614,103,72,'3','0',1,0,'2021-03-24 23:39:20','2021-03-24 23:39:35'),(615,103,73,'3','0',1,0,'2021-03-24 23:39:20','2021-03-24 23:39:35'),(616,103,76,'3','0',1,0,'2021-03-24 23:39:20','2021-03-24 23:39:35'),(617,103,74,'2','0',1,0,'2021-03-24 23:39:20','2021-03-24 23:39:35'),(618,103,75,'2','0',1,0,'2021-03-24 23:39:20','2021-03-24 23:39:35'),(619,104,70,'0','0',1,0,'2021-03-24 23:46:06',NULL),(620,104,72,'0','0',1,0,'2021-03-24 23:46:06',NULL),(621,104,73,'0','0',1,0,'2021-03-24 23:46:06',NULL),(622,104,76,'0','0',1,0,'2021-03-24 23:46:06',NULL),(623,104,74,'0','0',1,0,'2021-03-24 23:46:06',NULL),(624,104,75,'0','0',1,0,'2021-03-24 23:46:06',NULL),(625,105,70,'0','0',1,0,'2021-03-24 23:50:40',NULL),(626,105,72,'10','0',1,0,'2021-03-24 23:50:40',NULL),(627,105,73,'10','0',1,0,'2021-03-24 23:50:40',NULL),(628,105,76,'10','0',1,0,'2021-03-24 23:50:40',NULL),(629,105,74,'5','0',1,0,'2021-03-24 23:50:40',NULL),(630,105,75,'10','0',1,0,'2021-03-24 23:50:40',NULL),(631,1,86,'0','0',1,0,'2021-03-27 00:15:43',NULL),(632,2,86,'0','0',1,0,'2021-03-27 00:15:43',NULL),(633,3,86,'0','0',1,0,'2021-03-27 00:15:43',NULL),(634,4,86,'0','0',1,0,'2021-03-27 00:15:43',NULL),(635,5,86,'0','0',1,0,'2021-03-27 00:15:43',NULL),(636,6,86,'0','0',1,0,'2021-03-27 00:15:43',NULL),(637,7,86,'0','0',1,0,'2021-03-27 00:15:43',NULL),(638,8,86,'0','0',1,0,'2021-03-27 00:15:43',NULL),(639,9,86,'0','0',1,0,'2021-03-27 00:15:43',NULL),(640,10,86,'0','0',1,0,'2021-03-27 00:15:43',NULL),(641,11,86,'0','0',1,0,'2021-03-27 00:15:43',NULL),(642,12,86,'0','0',1,0,'2021-03-27 00:15:43',NULL),(643,13,86,'0','0',1,0,'2021-03-27 00:15:43',NULL),(644,14,86,'0','0',1,0,'2021-03-27 00:15:43',NULL),(645,15,86,'0','0',1,0,'2021-03-27 00:15:43',NULL),(646,16,86,'0','0',1,0,'2021-03-27 00:15:43',NULL),(647,17,86,'0','0',1,0,'2021-03-27 00:15:43',NULL),(648,18,86,'0','0',1,0,'2021-03-27 00:15:43',NULL),(649,19,86,'0','0',1,0,'2021-03-27 00:15:43',NULL),(650,20,86,'0','0',1,0,'2021-03-27 00:15:43',NULL),(651,21,86,'0','0',1,0,'2021-03-27 00:15:43',NULL),(652,22,86,'0','0',1,0,'2021-03-27 00:15:43',NULL),(653,23,86,'0','0',1,0,'2021-03-27 00:15:43',NULL),(654,24,86,'0','0',1,0,'2021-03-27 00:15:43',NULL),(655,25,86,'0','0',1,0,'2021-03-27 00:15:43',NULL),(656,26,86,'0','0',1,0,'2021-03-27 00:15:43',NULL),(657,27,86,'0','0',1,0,'2021-03-27 00:15:43',NULL),(658,28,86,'0','0',1,0,'2021-03-27 00:15:43',NULL),(659,29,86,'0','0',1,0,'2021-03-27 00:15:43',NULL),(660,30,86,'0','0',1,0,'2021-03-27 00:15:43',NULL),(661,31,86,'0','0',1,0,'2021-03-27 00:15:43',NULL),(662,32,86,'0','0',1,0,'2021-03-27 00:15:43',NULL),(663,33,86,'0','0',1,0,'2021-03-27 00:15:43',NULL),(664,34,86,'0','0',1,0,'2021-03-27 00:15:43',NULL),(665,35,86,'0','0',1,0,'2021-03-27 00:15:43',NULL),(666,36,86,'0','0',1,0,'2021-03-27 00:15:43',NULL),(667,37,86,'0','0',1,0,'2021-03-27 00:15:43',NULL),(668,38,86,'0','0',1,0,'2021-03-27 00:15:43',NULL),(669,39,86,'0','0',1,0,'2021-03-27 00:15:43',NULL),(670,40,86,'0','0',1,0,'2021-03-27 00:15:43',NULL),(671,41,86,'0','0',1,0,'2021-03-27 00:15:43',NULL),(672,42,86,'0','0',1,0,'2021-03-27 00:15:43',NULL),(673,43,86,'0','0',1,0,'2021-03-27 00:15:43',NULL),(674,44,86,'0','0',1,0,'2021-03-27 00:15:43',NULL),(675,45,86,'0','0',1,0,'2021-03-27 00:15:43',NULL),(676,46,86,'0','0',1,0,'2021-03-27 00:15:43',NULL),(677,47,86,'0','0',1,0,'2021-03-27 00:15:43',NULL),(678,48,86,'0','0',1,0,'2021-03-27 00:15:43',NULL),(679,49,86,'0','0',1,0,'2021-03-27 00:15:43',NULL),(680,50,86,'0','0',1,0,'2021-03-27 00:15:43',NULL),(681,51,86,'0','0',1,0,'2021-03-27 00:15:43',NULL),(682,52,86,'0','0',1,0,'2021-03-27 00:15:43',NULL),(683,53,86,'0','0',1,0,'2021-03-27 00:15:43',NULL),(684,54,86,'0','0',1,0,'2021-03-27 00:15:43',NULL),(685,55,86,'0','0',1,0,'2021-03-27 00:15:43',NULL),(686,56,86,'0','0',1,0,'2021-03-27 00:15:43',NULL),(687,57,86,'0','0',1,0,'2021-03-27 00:15:43',NULL),(688,58,86,'0','0',1,0,'2021-03-27 00:15:43',NULL),(689,59,86,'0','0',1,0,'2021-03-27 00:15:43',NULL),(690,60,86,'0','0',1,0,'2021-03-27 00:15:43',NULL),(691,61,86,'0','0',1,0,'2021-03-27 00:15:43',NULL),(692,62,86,'0','0',1,0,'2021-03-27 00:15:43',NULL),(693,63,86,'0','0',1,0,'2021-03-27 00:15:43',NULL),(694,64,86,'0','0',1,0,'2021-03-27 00:15:43',NULL),(695,65,86,'0','0',1,0,'2021-03-27 00:15:43',NULL),(696,66,86,'0','0',1,0,'2021-03-27 00:15:43',NULL),(697,67,86,'0','0',1,0,'2021-03-27 00:15:43',NULL),(698,68,86,'0','0',1,0,'2021-03-27 00:15:43',NULL),(699,69,86,'0','0',1,0,'2021-03-27 00:15:43',NULL),(700,70,86,'0','0',1,0,'2021-03-27 00:15:43',NULL),(701,71,86,'0','0',1,0,'2021-03-27 00:15:43',NULL),(702,72,86,'0','0',1,0,'2021-03-27 00:15:43',NULL),(703,73,86,'0','0',1,0,'2021-03-27 00:15:43',NULL),(704,74,86,'0','0',1,0,'2021-03-27 00:15:43',NULL),(705,75,86,'0','0',1,0,'2021-03-27 00:15:43',NULL),(706,76,86,'0','0',1,0,'2021-03-27 00:15:43',NULL),(707,77,86,'0','0',1,0,'2021-03-27 00:15:43',NULL),(708,78,86,'0','0',1,0,'2021-03-27 00:15:43',NULL),(709,79,86,'0','0',1,0,'2021-03-27 00:15:43',NULL),(710,80,86,'0','0',1,0,'2021-03-27 00:15:43',NULL),(711,81,86,'0','0',1,0,'2021-03-27 00:15:43',NULL),(712,82,86,'0','0',1,0,'2021-03-27 00:15:43',NULL),(713,83,86,'0','0',1,0,'2021-03-27 00:15:43',NULL),(714,84,86,'0','0',1,0,'2021-03-27 00:15:43',NULL),(715,85,86,'0','0',1,0,'2021-03-27 00:15:43',NULL),(716,86,86,'0','0',1,0,'2021-03-27 00:15:43',NULL),(717,87,86,'0','0',1,0,'2021-03-27 00:15:43',NULL),(718,88,86,'0','0',1,0,'2021-03-27 00:15:43',NULL),(719,89,86,'0','0',1,0,'2021-03-27 00:15:43',NULL),(720,90,86,'0','0',1,0,'2021-03-27 00:15:43',NULL),(721,91,86,'0','0',1,0,'2021-03-27 00:15:43',NULL),(722,92,86,'0','0',1,0,'2021-03-27 00:15:43',NULL),(723,93,86,'0','0',1,0,'2021-03-27 00:15:43',NULL),(724,94,86,'0','0',1,0,'2021-03-27 00:15:43',NULL),(725,95,86,'0','0',1,0,'2021-03-27 00:15:43',NULL),(726,96,86,'0','0',1,0,'2021-03-27 00:15:43',NULL),(727,97,86,'0','0',1,0,'2021-03-27 00:15:43',NULL),(728,99,86,'0','0',1,0,'2021-03-27 00:15:43',NULL),(729,100,86,'0','0',1,0,'2021-03-27 00:15:43',NULL),(730,101,86,'0','0',1,0,'2021-03-27 00:15:43',NULL),(731,102,86,'0','0',1,0,'2021-03-27 00:15:43',NULL),(732,103,86,'0','0',1,0,'2021-03-27 00:15:43',NULL),(733,104,86,'0','0',1,0,'2021-03-27 00:15:43',NULL),(734,105,86,'0','0',1,0,'2021-03-27 00:15:43',NULL),(735,1,87,'0','0',1,0,'2021-03-27 00:16:10',NULL),(736,2,87,'0','0',1,0,'2021-03-27 00:16:10',NULL),(737,3,87,'0','0',1,0,'2021-03-27 00:16:10',NULL),(738,4,87,'0','0',1,0,'2021-03-27 00:16:10',NULL),(739,5,87,'0','0',1,0,'2021-03-27 00:16:10',NULL),(740,6,87,'0','0',1,0,'2021-03-27 00:16:10',NULL),(741,7,87,'0','0',1,0,'2021-03-27 00:16:10',NULL),(742,8,87,'0','0',1,0,'2021-03-27 00:16:10',NULL),(743,9,87,'0','0',1,0,'2021-03-27 00:16:10',NULL),(744,10,87,'0','0',1,0,'2021-03-27 00:16:10',NULL),(745,11,87,'0','0',1,0,'2021-03-27 00:16:10',NULL),(746,12,87,'0','0',1,0,'2021-03-27 00:16:10',NULL),(747,13,87,'0','0',1,0,'2021-03-27 00:16:10',NULL),(748,14,87,'0','0',1,0,'2021-03-27 00:16:10',NULL),(749,15,87,'0','0',1,0,'2021-03-27 00:16:10',NULL),(750,16,87,'0','0',1,0,'2021-03-27 00:16:10',NULL),(751,17,87,'0','0',1,0,'2021-03-27 00:16:10',NULL),(752,18,87,'0','0',1,0,'2021-03-27 00:16:10',NULL),(753,19,87,'0','0',1,0,'2021-03-27 00:16:10',NULL),(754,20,87,'0','0',1,0,'2021-03-27 00:16:10',NULL),(755,21,87,'0','0',1,0,'2021-03-27 00:16:10',NULL),(756,22,87,'0','0',1,0,'2021-03-27 00:16:10',NULL),(757,23,87,'0','0',1,0,'2021-03-27 00:16:10',NULL),(758,24,87,'0','0',1,0,'2021-03-27 00:16:10',NULL),(759,25,87,'0','0',1,0,'2021-03-27 00:16:10',NULL),(760,26,87,'0','0',1,0,'2021-03-27 00:16:10',NULL),(761,27,87,'0','0',1,0,'2021-03-27 00:16:10',NULL),(762,28,87,'0','0',1,0,'2021-03-27 00:16:10',NULL),(763,29,87,'0','0',1,0,'2021-03-27 00:16:10',NULL),(764,30,87,'0','0',1,0,'2021-03-27 00:16:10',NULL),(765,31,87,'0','0',1,0,'2021-03-27 00:16:10',NULL),(766,32,87,'0','0',1,0,'2021-03-27 00:16:10',NULL),(767,33,87,'0','0',1,0,'2021-03-27 00:16:10',NULL),(768,34,87,'0','0',1,0,'2021-03-27 00:16:10',NULL),(769,35,87,'0','0',1,0,'2021-03-27 00:16:10',NULL),(770,36,87,'0','0',1,0,'2021-03-27 00:16:10',NULL),(771,37,87,'0','0',1,0,'2021-03-27 00:16:10',NULL),(772,38,87,'0','0',1,0,'2021-03-27 00:16:10',NULL),(773,39,87,'0','0',1,0,'2021-03-27 00:16:10',NULL),(774,40,87,'0','0',1,0,'2021-03-27 00:16:10',NULL),(775,41,87,'0','0',1,0,'2021-03-27 00:16:10',NULL),(776,42,87,'0','0',1,0,'2021-03-27 00:16:10',NULL),(777,43,87,'0','0',1,0,'2021-03-27 00:16:10',NULL),(778,44,87,'0','0',1,0,'2021-03-27 00:16:10',NULL),(779,45,87,'0','0',1,0,'2021-03-27 00:16:10',NULL),(780,46,87,'0','0',1,0,'2021-03-27 00:16:10',NULL),(781,47,87,'0','0',1,0,'2021-03-27 00:16:10',NULL),(782,48,87,'0','0',1,0,'2021-03-27 00:16:10',NULL),(783,49,87,'0','0',1,0,'2021-03-27 00:16:10',NULL),(784,50,87,'0','0',1,0,'2021-03-27 00:16:10',NULL),(785,51,87,'0','0',1,0,'2021-03-27 00:16:10',NULL),(786,52,87,'0','0',1,0,'2021-03-27 00:16:10',NULL),(787,53,87,'0','0',1,0,'2021-03-27 00:16:10',NULL),(788,54,87,'0','0',1,0,'2021-03-27 00:16:10',NULL),(789,55,87,'0','0',1,0,'2021-03-27 00:16:10',NULL),(790,56,87,'0','0',1,0,'2021-03-27 00:16:10',NULL),(791,57,87,'0','0',1,0,'2021-03-27 00:16:10',NULL),(792,58,87,'0','0',1,0,'2021-03-27 00:16:10',NULL),(793,59,87,'0','0',1,0,'2021-03-27 00:16:10',NULL),(794,60,87,'0','0',1,0,'2021-03-27 00:16:10',NULL),(795,61,87,'0','0',1,0,'2021-03-27 00:16:10',NULL),(796,62,87,'0','0',1,0,'2021-03-27 00:16:10',NULL),(797,63,87,'0','0',1,0,'2021-03-27 00:16:10',NULL),(798,64,87,'0','0',1,0,'2021-03-27 00:16:10',NULL),(799,65,87,'0','0',1,0,'2021-03-27 00:16:10',NULL),(800,66,87,'0','0',1,0,'2021-03-27 00:16:10',NULL),(801,67,87,'0','0',1,0,'2021-03-27 00:16:10',NULL),(802,68,87,'0','0',1,0,'2021-03-27 00:16:10',NULL),(803,69,87,'0','0',1,0,'2021-03-27 00:16:10',NULL),(804,70,87,'0','0',1,0,'2021-03-27 00:16:10',NULL),(805,71,87,'0','0',1,0,'2021-03-27 00:16:10',NULL),(806,72,87,'0','0',1,0,'2021-03-27 00:16:10',NULL),(807,73,87,'0','0',1,0,'2021-03-27 00:16:10',NULL),(808,74,87,'0','0',1,0,'2021-03-27 00:16:10',NULL),(809,75,87,'0','0',1,0,'2021-03-27 00:16:10',NULL),(810,76,87,'0','0',1,0,'2021-03-27 00:16:10',NULL),(811,77,87,'0','0',1,0,'2021-03-27 00:16:10',NULL),(812,78,87,'0','0',1,0,'2021-03-27 00:16:10',NULL),(813,79,87,'0','0',1,0,'2021-03-27 00:16:10',NULL),(814,80,87,'0','0',1,0,'2021-03-27 00:16:10',NULL),(815,81,87,'0','0',1,0,'2021-03-27 00:16:10',NULL),(816,82,87,'0','0',1,0,'2021-03-27 00:16:10',NULL),(817,83,87,'0','0',1,0,'2021-03-27 00:16:10',NULL),(818,84,87,'0','0',1,0,'2021-03-27 00:16:10',NULL),(819,85,87,'0','0',1,0,'2021-03-27 00:16:10',NULL),(820,86,87,'0','0',1,0,'2021-03-27 00:16:10',NULL),(821,87,87,'0','0',1,0,'2021-03-27 00:16:10',NULL),(822,88,87,'0','0',1,0,'2021-03-27 00:16:10',NULL),(823,89,87,'0','0',1,0,'2021-03-27 00:16:10',NULL),(824,90,87,'0','0',1,0,'2021-03-27 00:16:10',NULL),(825,91,87,'0','0',1,0,'2021-03-27 00:16:10',NULL),(826,92,87,'0','0',1,0,'2021-03-27 00:16:10',NULL),(827,93,87,'0','0',1,0,'2021-03-27 00:16:10',NULL),(828,94,87,'0','0',1,0,'2021-03-27 00:16:10',NULL),(829,95,87,'0','0',1,0,'2021-03-27 00:16:10',NULL),(830,96,87,'0','0',1,0,'2021-03-27 00:16:10',NULL),(831,97,87,'0','0',1,0,'2021-03-27 00:16:10',NULL),(832,99,87,'0','0',1,0,'2021-03-27 00:16:10',NULL),(833,100,87,'0','0',1,0,'2021-03-27 00:16:10',NULL),(834,101,87,'0','0',1,0,'2021-03-27 00:16:10',NULL),(835,102,87,'0','0',1,0,'2021-03-27 00:16:10',NULL),(836,103,87,'0','0',1,0,'2021-03-27 00:16:10',NULL),(837,104,87,'0','0',1,0,'2021-03-27 00:16:10',NULL),(838,105,87,'0','0',1,0,'2021-03-27 00:16:10',NULL),(839,1,0,'0','0',1,0,'2021-03-27 10:37:27','2021-04-17 13:16:14'),(840,2,0,'0','0',1,0,'2021-03-27 10:37:27',NULL),(841,3,0,'0','0',1,0,'2021-03-27 10:37:27',NULL),(842,4,0,'0','0',1,0,'2021-03-27 10:37:27',NULL),(843,5,0,'0','0',1,0,'2021-03-27 10:37:27',NULL),(844,6,0,'0','0',1,0,'2021-03-27 10:37:27',NULL),(845,7,0,'0','0',1,0,'2021-03-27 10:37:27',NULL),(846,8,0,'0','0',1,0,'2021-03-27 10:37:27',NULL),(847,9,0,'0','0',1,0,'2021-03-27 10:37:27',NULL),(848,10,0,'0','0',1,0,'2021-03-27 10:37:27',NULL),(849,11,0,'0','0',1,0,'2021-03-27 10:37:27',NULL),(850,12,0,'0','0',1,0,'2021-03-27 10:37:27',NULL),(851,13,0,'0','0',1,0,'2021-03-27 10:37:27','2021-04-17 13:15:09'),(852,14,0,'0','0',1,0,'2021-03-27 10:37:27','2021-04-17 13:15:30'),(853,15,0,'0','0',1,0,'2021-03-27 10:37:27','2021-04-17 13:15:34'),(854,16,0,'0','0',1,0,'2021-03-27 10:37:27','2021-04-17 13:15:50'),(855,17,0,'0','0',1,0,'2021-03-27 10:37:27','2021-04-17 13:15:53'),(856,18,0,'0','0',1,0,'2021-03-27 10:37:27','2021-04-17 13:15:57'),(857,19,0,'0','0',1,0,'2021-03-27 10:37:27','2021-04-17 13:15:38'),(858,20,0,'0','0',1,0,'2021-03-27 10:37:27','2021-04-17 13:15:42'),(859,21,0,'0','0',1,0,'2021-03-27 10:37:27','2021-04-17 13:15:46'),(860,22,0,'0','0',1,0,'2021-03-27 10:37:27',NULL),(861,23,0,'0','0',1,0,'2021-03-27 10:37:27',NULL),(862,24,0,'0','0',1,0,'2021-03-27 10:37:27',NULL),(863,25,0,'0','0',1,0,'2021-03-27 10:37:27',NULL),(864,26,0,'0','0',1,0,'2021-03-27 10:37:27',NULL),(865,27,0,'0','0',1,0,'2021-03-27 10:37:27',NULL),(866,28,0,'0','0',1,0,'2021-03-27 10:37:27',NULL),(867,29,0,'0','0',1,0,'2021-03-27 10:37:27',NULL),(868,30,0,'0','0',1,0,'2021-03-27 10:37:27',NULL),(869,31,0,'0','0',1,0,'2021-03-27 10:37:27',NULL),(870,32,0,'0','0',1,0,'2021-03-27 10:37:27',NULL),(871,33,0,'0','0',1,0,'2021-03-27 10:37:27',NULL),(872,34,0,'0','0',1,0,'2021-03-27 10:37:27',NULL),(873,35,0,'0','0',1,0,'2021-03-27 10:37:27',NULL),(874,36,0,'0','0',1,0,'2021-03-27 10:37:27',NULL),(875,37,0,'0','0',1,0,'2021-03-27 10:37:27',NULL),(876,38,0,'0','0',1,0,'2021-03-27 10:37:27',NULL),(877,39,0,'0','0',1,0,'2021-03-27 10:37:27',NULL),(878,40,0,'0','0',1,0,'2021-03-27 10:37:27',NULL),(879,41,0,'0','0',1,0,'2021-03-27 10:37:27',NULL),(880,42,0,'0','0',1,0,'2021-03-27 10:37:27',NULL),(881,43,0,'0','0',1,0,'2021-03-27 10:37:27',NULL),(882,44,0,'0','0',1,0,'2021-03-27 10:37:27',NULL),(883,45,0,'0','0',1,0,'2021-03-27 10:37:27',NULL),(884,46,0,'0','0',1,0,'2021-03-27 10:37:27',NULL),(885,47,0,'0','0',1,0,'2021-03-27 10:37:27',NULL),(886,48,0,'0','0',1,0,'2021-03-27 10:37:27',NULL),(887,49,0,'0','0',1,0,'2021-03-27 10:37:27',NULL),(888,50,0,'0','0',1,0,'2021-03-27 10:37:27',NULL),(889,51,0,'0','0',1,0,'2021-03-27 10:37:27',NULL),(890,52,0,'0','0',1,0,'2021-03-27 10:37:27',NULL),(891,53,0,'0','0',1,0,'2021-03-27 10:37:27',NULL),(892,54,0,'0','0',1,0,'2021-03-27 10:37:27',NULL),(893,55,0,'0','0',1,0,'2021-03-27 10:37:27',NULL),(894,56,0,'0','0',1,0,'2021-03-27 10:37:27',NULL),(895,57,0,'0','0',1,0,'2021-03-27 10:37:27',NULL),(896,58,0,'0','0',1,0,'2021-03-27 10:37:27',NULL),(897,59,0,'0','0',1,0,'2021-03-27 10:37:27',NULL),(898,60,0,'0','0',1,0,'2021-03-27 10:37:27',NULL),(899,61,0,'0','0',1,0,'2021-03-27 10:37:27',NULL),(900,62,0,'0','0',1,0,'2021-03-27 10:37:27',NULL),(901,63,0,'0','0',1,0,'2021-03-27 10:37:27',NULL),(902,64,0,'0','0',1,0,'2021-03-27 10:37:27',NULL),(903,65,0,'0','0',1,0,'2021-03-27 10:37:27',NULL),(904,66,0,'0','0',1,0,'2021-03-27 10:37:27',NULL),(905,67,0,'0','0',1,0,'2021-03-27 10:37:27',NULL),(906,68,0,'0','0',1,0,'2021-03-27 10:37:27',NULL),(907,69,0,'0','0',1,0,'2021-03-27 10:37:27','2021-04-14 15:51:05'),(908,70,0,'0','0',1,0,'2021-03-27 10:37:27','2021-04-14 15:51:46'),(909,71,0,'0','0',1,0,'2021-03-27 10:37:27','2021-04-14 15:51:51'),(910,72,0,'0','0',1,0,'2021-03-27 10:37:27','2021-04-16 13:38:58'),(911,73,0,'0','0',1,0,'2021-03-27 10:37:27','2021-04-16 13:39:13'),(912,74,0,'0','0',1,0,'2021-03-27 10:37:27','2021-04-16 13:41:18'),(913,75,0,'0','0',1,0,'2021-03-27 10:37:27','2021-04-16 13:42:02'),(914,76,0,'0','0',1,0,'2021-03-27 10:37:27','2021-04-16 13:42:11'),(915,77,0,'0','0',1,0,'2021-03-27 10:37:27','2021-04-16 13:42:19'),(916,78,0,'0','0',1,0,'2021-03-27 10:37:27','2021-04-16 13:43:00'),(917,79,0,'0','0',1,0,'2021-03-27 10:37:27','2021-04-16 13:43:06'),(918,80,0,'0','0',1,0,'2021-03-27 10:37:27','2021-04-16 13:43:13'),(919,81,0,'0','0',1,0,'2021-03-27 10:37:27','2021-04-16 13:43:19'),(920,82,0,'0','0',1,0,'2021-03-27 10:37:27','2021-04-16 13:43:24'),(921,83,0,'0','0',1,0,'2021-03-27 10:37:27','2021-04-16 13:43:29'),(922,84,0,'0','0',1,0,'2021-03-27 10:37:27','2021-04-16 13:43:38'),(923,85,0,'0','0',1,0,'2021-03-27 10:37:27','2021-04-16 13:44:00'),(924,86,0,'0','0',1,0,'2021-03-27 10:37:27','2021-04-14 15:49:35'),(925,87,0,'0','0',1,0,'2021-03-27 10:37:28','2021-04-14 15:50:53'),(926,88,0,'0','0',1,0,'2021-03-27 10:37:28',NULL),(927,89,0,'0','0',1,0,'2021-03-27 10:37:28',NULL),(928,90,0,'0','0',1,0,'2021-03-27 10:37:28',NULL),(929,91,0,'0','0',1,0,'2021-03-27 10:37:28',NULL),(930,92,0,'0','0',1,0,'2021-03-27 10:37:28',NULL),(931,93,0,'0','0',1,0,'2021-03-27 10:37:28',NULL),(932,94,0,'0','0',1,0,'2021-03-27 10:37:28',NULL),(933,95,0,'0','0',1,0,'2021-03-27 10:37:28',NULL),(934,96,0,'0','0',1,0,'2021-03-27 10:37:28',NULL),(935,97,0,'0','0',1,0,'2021-03-27 10:37:28',NULL),(936,99,0,'0','0',1,0,'2021-03-27 10:37:28',NULL),(937,100,0,'0','0',1,0,'2021-03-27 10:37:28',NULL),(938,101,0,'0','0',1,0,'2021-03-27 10:37:28',NULL),(939,102,0,'0','0',1,0,'2021-03-27 10:37:28',NULL),(940,103,0,'0','0',1,0,'2021-03-27 10:37:28',NULL),(941,104,0,'0','0',1,0,'2021-03-27 10:37:28',NULL),(942,105,0,'0','0',1,0,'2021-03-27 10:37:28',NULL),(943,1,0,'0','0',1,0,'2021-03-27 10:37:47','2021-04-17 13:16:14'),(944,2,0,'0','0',1,0,'2021-03-27 10:37:47',NULL),(945,3,0,'0','0',1,0,'2021-03-27 10:37:47',NULL),(946,4,0,'0','0',1,0,'2021-03-27 10:37:47',NULL),(947,5,0,'0','0',1,0,'2021-03-27 10:37:47',NULL),(948,6,0,'0','0',1,0,'2021-03-27 10:37:47',NULL),(949,7,0,'0','0',1,0,'2021-03-27 10:37:47',NULL),(950,8,0,'0','0',1,0,'2021-03-27 10:37:47',NULL),(951,9,0,'0','0',1,0,'2021-03-27 10:37:47',NULL),(952,10,0,'0','0',1,0,'2021-03-27 10:37:47',NULL),(953,11,0,'0','0',1,0,'2021-03-27 10:37:47',NULL),(954,12,0,'0','0',1,0,'2021-03-27 10:37:47',NULL),(955,13,0,'0','0',1,0,'2021-03-27 10:37:47','2021-04-17 13:15:09'),(956,14,0,'0','0',1,0,'2021-03-27 10:37:47','2021-04-17 13:15:30'),(957,15,0,'0','0',1,0,'2021-03-27 10:37:47','2021-04-17 13:15:34'),(958,16,0,'0','0',1,0,'2021-03-27 10:37:47','2021-04-17 13:15:50'),(959,17,0,'0','0',1,0,'2021-03-27 10:37:47','2021-04-17 13:15:53'),(960,18,0,'0','0',1,0,'2021-03-27 10:37:47','2021-04-17 13:15:57'),(961,19,0,'0','0',1,0,'2021-03-27 10:37:47','2021-04-17 13:15:38'),(962,20,0,'0','0',1,0,'2021-03-27 10:37:47','2021-04-17 13:15:42'),(963,21,0,'0','0',1,0,'2021-03-27 10:37:47','2021-04-17 13:15:46'),(964,22,0,'0','0',1,0,'2021-03-27 10:37:48',NULL),(965,23,0,'0','0',1,0,'2021-03-27 10:37:48',NULL),(966,24,0,'0','0',1,0,'2021-03-27 10:37:48',NULL),(967,25,0,'0','0',1,0,'2021-03-27 10:37:48',NULL),(968,26,0,'0','0',1,0,'2021-03-27 10:37:48',NULL),(969,27,0,'0','0',1,0,'2021-03-27 10:37:48',NULL),(970,28,0,'0','0',1,0,'2021-03-27 10:37:48',NULL),(971,29,0,'0','0',1,0,'2021-03-27 10:37:48',NULL),(972,30,0,'0','0',1,0,'2021-03-27 10:37:48',NULL),(973,31,0,'0','0',1,0,'2021-03-27 10:37:48',NULL),(974,32,0,'0','0',1,0,'2021-03-27 10:37:48',NULL),(975,33,0,'0','0',1,0,'2021-03-27 10:37:48',NULL),(976,34,0,'0','0',1,0,'2021-03-27 10:37:48',NULL),(977,35,0,'0','0',1,0,'2021-03-27 10:37:48',NULL),(978,36,0,'0','0',1,0,'2021-03-27 10:37:48',NULL),(979,37,0,'0','0',1,0,'2021-03-27 10:37:48',NULL),(980,38,0,'0','0',1,0,'2021-03-27 10:37:48',NULL),(981,39,0,'0','0',1,0,'2021-03-27 10:37:48',NULL),(982,40,0,'0','0',1,0,'2021-03-27 10:37:48',NULL),(983,41,0,'0','0',1,0,'2021-03-27 10:37:48',NULL),(984,42,0,'0','0',1,0,'2021-03-27 10:37:48',NULL),(985,43,0,'0','0',1,0,'2021-03-27 10:37:48',NULL),(986,44,0,'0','0',1,0,'2021-03-27 10:37:48',NULL),(987,45,0,'0','0',1,0,'2021-03-27 10:37:48',NULL),(988,46,0,'0','0',1,0,'2021-03-27 10:37:48',NULL),(989,47,0,'0','0',1,0,'2021-03-27 10:37:48',NULL),(990,48,0,'0','0',1,0,'2021-03-27 10:37:48',NULL),(991,49,0,'0','0',1,0,'2021-03-27 10:37:48',NULL),(992,50,0,'0','0',1,0,'2021-03-27 10:37:48',NULL),(993,51,0,'0','0',1,0,'2021-03-27 10:37:48',NULL),(994,52,0,'0','0',1,0,'2021-03-27 10:37:48',NULL),(995,53,0,'0','0',1,0,'2021-03-27 10:37:48',NULL),(996,54,0,'0','0',1,0,'2021-03-27 10:37:48',NULL),(997,55,0,'0','0',1,0,'2021-03-27 10:37:48',NULL),(998,56,0,'0','0',1,0,'2021-03-27 10:37:48',NULL),(999,57,0,'0','0',1,0,'2021-03-27 10:37:48',NULL),(1000,58,0,'0','0',1,0,'2021-03-27 10:37:48',NULL),(1001,59,0,'0','0',1,0,'2021-03-27 10:37:48',NULL),(1002,60,0,'0','0',1,0,'2021-03-27 10:37:48',NULL),(1003,61,0,'0','0',1,0,'2021-03-27 10:37:48',NULL),(1004,62,0,'0','0',1,0,'2021-03-27 10:37:48',NULL),(1005,63,0,'0','0',1,0,'2021-03-27 10:37:48',NULL),(1006,64,0,'0','0',1,0,'2021-03-27 10:37:48',NULL),(1007,65,0,'0','0',1,0,'2021-03-27 10:37:48',NULL),(1008,66,0,'0','0',1,0,'2021-03-27 10:37:48',NULL),(1009,67,0,'0','0',1,0,'2021-03-27 10:37:48',NULL),(1010,68,0,'0','0',1,0,'2021-03-27 10:37:48',NULL),(1011,69,0,'0','0',1,0,'2021-03-27 10:37:48','2021-04-14 15:51:05'),(1012,70,0,'0','0',1,0,'2021-03-27 10:37:48','2021-04-14 15:51:46'),(1013,71,0,'0','0',1,0,'2021-03-27 10:37:48','2021-04-14 15:51:51'),(1014,72,0,'0','0',1,0,'2021-03-27 10:37:48','2021-04-16 13:38:58'),(1015,73,0,'0','0',1,0,'2021-03-27 10:37:48','2021-04-16 13:39:13'),(1016,74,0,'0','0',1,0,'2021-03-27 10:37:48','2021-04-16 13:41:18'),(1017,75,0,'0','0',1,0,'2021-03-27 10:37:48','2021-04-16 13:42:02'),(1018,76,0,'0','0',1,0,'2021-03-27 10:37:48','2021-04-16 13:42:11'),(1019,77,0,'0','0',1,0,'2021-03-27 10:37:48','2021-04-16 13:42:19'),(1020,78,0,'0','0',1,0,'2021-03-27 10:37:48','2021-04-16 13:43:00'),(1021,79,0,'0','0',1,0,'2021-03-27 10:37:48','2021-04-16 13:43:06'),(1022,80,0,'0','0',1,0,'2021-03-27 10:37:48','2021-04-16 13:43:13'),(1023,81,0,'0','0',1,0,'2021-03-27 10:37:48','2021-04-16 13:43:19'),(1024,82,0,'0','0',1,0,'2021-03-27 10:37:48','2021-04-16 13:43:24'),(1025,83,0,'0','0',1,0,'2021-03-27 10:37:48','2021-04-16 13:43:29'),(1026,84,0,'0','0',1,0,'2021-03-27 10:37:48','2021-04-16 13:43:38'),(1027,85,0,'0','0',1,0,'2021-03-27 10:37:48','2021-04-16 13:44:00'),(1028,86,0,'0','0',1,0,'2021-03-27 10:37:48','2021-04-14 15:49:35'),(1029,87,0,'0','0',1,0,'2021-03-27 10:37:48','2021-04-14 15:50:53'),(1030,88,0,'0','0',1,0,'2021-03-27 10:37:48',NULL),(1031,89,0,'0','0',1,0,'2021-03-27 10:37:48',NULL),(1032,90,0,'0','0',1,0,'2021-03-27 10:37:48',NULL),(1033,91,0,'0','0',1,0,'2021-03-27 10:37:48',NULL),(1034,92,0,'0','0',1,0,'2021-03-27 10:37:48',NULL),(1035,93,0,'0','0',1,0,'2021-03-27 10:37:48',NULL),(1036,94,0,'0','0',1,0,'2021-03-27 10:37:48',NULL),(1037,95,0,'0','0',1,0,'2021-03-27 10:37:48',NULL),(1038,96,0,'0','0',1,0,'2021-03-27 10:37:48',NULL),(1039,97,0,'0','0',1,0,'2021-03-27 10:37:48',NULL),(1040,99,0,'0','0',1,0,'2021-03-27 10:37:48',NULL),(1041,100,0,'0','0',1,0,'2021-03-27 10:37:48',NULL),(1042,101,0,'0','0',1,0,'2021-03-27 10:37:48',NULL),(1043,102,0,'0','0',1,0,'2021-03-27 10:37:48',NULL),(1044,103,0,'0','0',1,0,'2021-03-27 10:37:48',NULL),(1045,104,0,'0','0',1,0,'2021-03-27 10:37:48',NULL),(1046,105,0,'0','0',1,0,'2021-03-27 10:37:48',NULL),(1047,106,0,'0','0',1,0,'2021-04-16 13:37:48',NULL),(1048,106,70,'0','0',1,0,'2021-04-16 13:37:48',NULL),(1049,106,72,'0','0',1,0,'2021-04-16 13:37:48',NULL),(1050,106,73,'0','0',1,0,'2021-04-16 13:37:48',NULL),(1051,106,76,'0','0',1,0,'2021-04-16 13:37:48',NULL),(1052,106,74,'0','0',1,0,'2021-04-16 13:37:48',NULL),(1053,106,75,'0','0',1,0,'2021-04-16 13:37:48',NULL);

/*Table structure for table `stores` */

DROP TABLE IF EXISTS `stores`;

CREATE TABLE `stores` (
  `id` bigint(11) NOT NULL,
  `name` varchar(255) DEFAULT NULL,
  `slug` varchar(255) DEFAULT NULL,
  `address` varchar(250) DEFAULT NULL,
  `phone` varchar(50) DEFAULT NULL,
  `image` text,
  `url` text,
  `longitude` varchar(50) DEFAULT NULL,
  `latitude` varchar(50) DEFAULT NULL,
  `username` varchar(50) DEFAULT NULL,
  `password` text,
  `content` text,
  `order` decimal(10,0) DEFAULT NULL,
  `status` tinyint(1) DEFAULT '1',
  `delete` tinyint(1) DEFAULT '0',
  `created` datetime DEFAULT NULL
) ENGINE=MyISAM DEFAULT CHARSET=utf8;

/*Data for the table `stores` */

insert  into `stores`(`id`,`name`,`slug`,`address`,`phone`,`image`,`url`,`longitude`,`latitude`,`username`,`password`,`content`,`order`,`status`,`delete`,`created`) values (75,'Leo NTMK','leo-ntmk','62 Nguyn Th Minh Khai, Tn Lp, Thnh ph Nha Trang, Khnh Ha','+84908046188','2021/05/6af9df2d2b71bda507ffb73c127cee52.jpg','https://www.google.com/maps/place/Tr+Sa+LeoTea/@12.2379449,109.1884222,17z/data=!3m1!4b1!4m5!3m4!1s0x3170677d0389cb49:0x357b282ca59d1002!8m2!3d12.2378922!4d109.1906541?hl=vi-VN','109.1906541','12.2378922','leo_ntmk','e10adc3949ba59abbe56e057f20f883e','Leo DHNT','4',1,0,'2021-03-14 00:42:43'),(70,'Leo Phc Long','leo-phuoc-long','9 . Phc Long, Phc Trung, Thnh ph Nha Trang, Khnh Ha, Vit Nam','0909012090','2021/05/a7e9d1989fe38c45aa09d62809cebe25.jpg','https://www.google.com/maps/place/Qun+tr+sa+Leo+Tea/@12.2367652,109.1600862,13.75z/data=!4m12!1m6!3m5!1s0x0:0x95f90be13dc9c00f!2zUXXDoW4gdHLDoCBz4buvYSBMZW8gVGVh!8m2!3d12.2112598!4d109.1947296!3m4!1s0x3170670e5c63b1a5:0x95f90be13dc9c00f!8m2!3d12.2112598!4d109.1947296?hl=vi-VN','109.1947296!3m4!1s0x3170670e5c63b1a5:0x95f90be13dc','12.2112598','leo_pl','93279e3308bdbbeed946fc965017f67a','9 . Phc Long, Phc Trung, Thnh ph Nha Trang, Khnh Ha, Vit Nam','3',1,0,'2021-03-13 15:36:34');

/*Table structure for table `time_sheet` */

DROP TABLE IF EXISTS `time_sheet`;

CREATE TABLE `time_sheet` (
  `id` bigint(10) NOT NULL AUTO_INCREMENT,
  `staffId` bigint(10) DEFAULT NULL,
  `dayOf` varchar(20) COLLATE utf8mb4_unicode_ci DEFAULT NULL,
  `in` varchar(20) COLLATE utf8mb4_unicode_ci DEFAULT NULL,
  `out` varchar(20) COLLATE utf8mb4_unicode_ci DEFAULT NULL,
  `storeId` bigint(10) DEFAULT NULL,
  `delete` tinyint(1) DEFAULT '0',
  `created` datetime DEFAULT NULL,
  PRIMARY KEY (`id`)
) ENGINE=MyISAM AUTO_INCREMENT=49 DEFAULT CHARSET=utf8mb4 COLLATE=utf8mb4_unicode_ci;

/*Data for the table `time_sheet` */

insert  into `time_sheet`(`id`,`staffId`,`dayOf`,`in`,`out`,`storeId`,`delete`,`created`) values (32,23,'Saturday','13:00','17:00',75,0,'2021-05-23 20:49:41'),(33,23,'Sunday','13:00','17:00',75,0,'2021-05-23 20:49:41'),(34,24,'Monday','12:00','16:00',75,0,'2021-05-23 20:56:21'),(26,23,'Sunday','6:00','12:00',70,0,'2021-05-23 20:49:23'),(27,23,'Monday','13:00','17:00',75,0,'2021-05-23 20:49:41'),(28,23,'Tuesday','13:00','17:00',75,0,'2021-05-23 20:49:41'),(29,23,'Wednesday','13:00','17:00',75,0,'2021-05-23 20:49:41'),(30,23,'Thursday','13:00','17:00',75,0,'2021-05-23 20:49:41'),(31,23,'Friday','13:00','17:00',75,0,'2021-05-23 20:49:41'),(20,23,'Monday','6:00','12:00',70,0,'2021-05-23 20:49:23'),(21,23,'Tuesday','6:00','12:00',70,0,'2021-05-23 20:49:23'),(22,23,'Wednesday','6:00','12:00',70,0,'2021-05-23 20:49:23'),(23,23,'Thursday','6:00','12:00',70,0,'2021-05-23 20:49:23'),(24,23,'Friday','6:00','12:00',70,0,'2021-05-23 20:49:23'),(25,23,'Saturday','6:00','12:00',70,0,'2021-05-23 20:49:23'),(35,24,'Monday','6:00','11:00',75,0,'2021-05-24 12:16:58'),(36,24,'Tuesday','6:00','11:00',75,0,'2021-05-24 12:16:58'),(37,24,'Wednesday','6:00','11:00',75,0,'2021-05-24 12:16:58'),(38,24,'Thursday','6:00','11:00',75,0,'2021-05-24 12:16:58'),(39,24,'Friday','6:00','11:00',75,0,'2021-05-24 12:16:58'),(40,24,'Saturday','6:00','11:00',75,0,'2021-05-24 12:16:58'),(41,24,'Sunday','6:00','11:00',75,0,'2021-05-24 12:16:58'),(42,24,'Monday','18:00','22:00',70,0,'2021-05-24 12:17:54'),(43,24,'Tuesday','18:00','22:00',70,0,'2021-05-24 12:17:54'),(44,24,'Wednesday','18:00','22:00',70,0,'2021-05-24 12:17:54'),(45,24,'Thursday','18:00','22:00',70,0,'2021-05-24 12:17:54'),(46,24,'Friday','18:00','22:00',70,0,'2021-05-24 12:17:54'),(47,24,'Saturday','18:00','22:00',70,0,'2021-05-24 12:17:54'),(48,24,'Sunday','18:00','22:00',70,0,'2021-05-24 12:17:54');

/*Table structure for table `time_sheet_history` */

DROP TABLE IF EXISTS `time_sheet_history`;

CREATE TABLE `time_sheet_history` (
  `id` bigint(10) NOT NULL AUTO_INCREMENT,
  `staffId` bigint(10) DEFAULT NULL,
  `in` varchar(50) COLLATE utf8mb4_unicode_ci DEFAULT NULL,
  `checkIn` datetime DEFAULT NULL,
  `checkInOver` int(11) DEFAULT NULL,
  `out` varchar(50) COLLATE utf8mb4_unicode_ci DEFAULT NULL,
  `checkOut` datetime DEFAULT NULL,
  `checkOutOver` int(11) DEFAULT NULL,
  `timeWorking` int(11) DEFAULT NULL,
  `dateWorking` datetime DEFAULT NULL,
  `storeId` bigint(10) DEFAULT NULL,
  `type` varchar(20) COLLATE utf8mb4_unicode_ci DEFAULT NULL,
  `status` tinyint(1) DEFAULT '1',
  `delete` tinyint(1) DEFAULT '0',
  `createdBy` varchar(20) COLLATE utf8mb4_unicode_ci DEFAULT NULL,
  `created` datetime DEFAULT NULL,
  `updatedBy` varchar(20) COLLATE utf8mb4_unicode_ci DEFAULT NULL,
  `updated` datetime DEFAULT NULL,
  PRIMARY KEY (`id`)
) ENGINE=MyISAM AUTO_INCREMENT=3 DEFAULT CHARSET=utf8mb4 COLLATE=utf8mb4_unicode_ci;

/*Data for the table `time_sheet_history` */

insert  into `time_sheet_history`(`id`,`staffId`,`in`,`checkIn`,`checkInOver`,`out`,`checkOut`,`checkOutOver`,`timeWorking`,`dateWorking`,`storeId`,`type`,`status`,`delete`,`createdBy`,`created`,`updatedBy`,`updated`) values (1,24,'6:00',NULL,NULL,'11:00',NULL,NULL,NULL,'2021-05-26 00:00:00',75,NULL,1,0,'admin','2021-05-26 10:47:13',NULL,NULL),(2,24,'18:00',NULL,NULL,'22:00',NULL,NULL,NULL,'2021-05-26 00:00:00',70,NULL,1,0,'admin','2021-05-26 10:47:13',NULL,NULL);

/*Table structure for table `users` */

DROP TABLE IF EXISTS `users`;

CREATE TABLE `users` (
  `id` bigint(10) NOT NULL AUTO_INCREMENT,
  `phone` varchar(20) COLLATE utf8mb4_unicode_ci DEFAULT NULL,
  `password` varchar(200) COLLATE utf8mb4_unicode_ci DEFAULT NULL,
  `name` varchar(50) COLLATE utf8mb4_unicode_ci DEFAULT NULL,
  `address` varchar(250) COLLATE utf8mb4_unicode_ci DEFAULT NULL,
  `email` varchar(50) COLLATE utf8mb4_unicode_ci DEFAULT NULL,
  `position` bigint(10) DEFAULT NULL,
  `device` text COLLATE utf8mb4_unicode_ci,
  `lastLogin` datetime DEFAULT NULL,
  `status` tinyint(1) DEFAULT '1',
  `delete` tinyint(1) DEFAULT '0',
  `created` datetime DEFAULT NULL,
  `updated` datetime DEFAULT NULL,
  PRIMARY KEY (`id`)
) ENGINE=MyISAM AUTO_INCREMENT=25 DEFAULT CHARSET=utf8mb4 COLLATE=utf8mb4_unicode_ci;

/*Data for the table `users` */

insert  into `users`(`id`,`phone`,`password`,`name`,`address`,`email`,`position`,`device`,`lastLogin`,`status`,`delete`,`created`,`updated`) values (17,'0901219898','93279e3308bdbbeed946fc965017f67a','Hoang Le','12121 Nguyen tri phuong','hoangle@gmail.com',90,NULL,NULL,1,0,'2021-05-23 10:56:00',NULL),(18,'3322110099','93279e3308bdbbeed946fc965017f67a','Thuy Hong','9 . Phc Long, Phc Trung, Thnh ph Nha Trang, Khnh Ha, Vit Nam','thuyhong@gmail.com',88,NULL,NULL,1,0,'2021-05-23 11:00:40',NULL),(19,'998899898','93279e3308bdbbeed946fc965017f67a','Tan Bao','New York','tanbao@gmail.com',90,NULL,NULL,1,0,'2021-05-23 11:04:11',NULL),(20,'7697696776','93279e3308bdbbeed946fc965017f67a','yuouy oyuoyu','9 . Phc Long, Phc Trung, Thnh ph Nha Trang, Khnh Ha, Vit Nam','thanhtin0912@gmail.com',88,NULL,NULL,1,0,'2021-05-23 11:06:11',NULL),(14,'0977507753','a01610228fe998f515a72dd730294d87','Nguyn Thnh Tn','9 . Phc Long, Phc Trung, Thnh ph Nha Trang, Khnh Ha, Vit Nam','thanhtin0912@gmail.com',91,NULL,NULL,1,0,'2021-03-15 16:15:12',NULL),(15,'0901219797','93279e3308bdbbeed946fc965017f67a','Nguyn Thnh Tn','9 . Phc Long, Phc Trung, Thnh ph Nha Trang, Khnh Ha, Vit Nam','thanhtin0912@gmail.com',91,NULL,NULL,1,0,'2021-05-23 10:53:13',NULL),(16,'0913435141','93279e3308bdbbeed946fc965017f67a','Quynh Nguyen','12121 Nguyen tri phuong','thanhtin0912@gmail.com',89,NULL,NULL,1,0,'2021-05-23 10:54:34',NULL),(21,'0909090978','93279e3308bdbbeed946fc965017f67a','Kieu diem','9 . Phc Long, Phc Trung, Thnh ph Nha Trang, Khnh Ha, Vit Nam','kieudiem@gmail.com',89,NULL,NULL,1,0,'2021-05-23 11:11:44',NULL),(22,'0977507745','93279e3308bdbbeed946fc965017f67a','Dung Khang','12121 Nguyen tri phuong','dungkhang@gmail.com',88,NULL,NULL,1,0,'2021-05-23 11:12:37',NULL),(23,'097752175312','93279e3308bdbbeed946fc965017f67a','Tran Chau','12121 Nguyen tri phuong 12','tranchau@gmail.com',88,NULL,NULL,1,0,'2021-05-23 11:15:35',NULL),(24,'0977507790','c20ad4d76fe97759aa27a0c99bff6710','Tin nguyen','9 . Phc Long, Phc Trung, Thnh ph Nha Trang, Khnh Ha, Vit Nam','thanhtin0912112@gmail.com',90,NULL,NULL,1,0,'2021-05-23 20:52:19',NULL);

/*!40101 SET SQL_MODE=@OLD_SQL_MODE */;
/*!40014 SET FOREIGN_KEY_CHECKS=@OLD_FOREIGN_KEY_CHECKS */;
/*!40014 SET UNIQUE_CHECKS=@OLD_UNIQUE_CHECKS */;
/*!40111 SET SQL_NOTES=@OLD_SQL_NOTES */;
